,review_id,HHS Region,"Urban/ Rural
Suburban",Gender,Race/ Ethnicity,New or Renewal Application,name_abbrv,year,month,id
0,ATW2020_4,1,Urban,M,White,Renewal,ATW,2020,4,278
1,ATW2020_4,6,Suburban,M,Asian/Pacific Islander,Initial,ATW,2020,4,458
2,ATW2020_4,7,Rural,F,Hispanic,Initial,ATW,2020,4,712
3,ATW2020_4,6,Suburban,M,Black,Initial,ATW,2020,4,106
4,ATW2020_4,3,Suburban,F,American Indian/ Alaskan Native,Initial,ATW,2020,4,129
5,ATW2020_4,6,Suburban,F,Hispanic,Initial,ATW,2020,4,1306
6,ATW2020_4,3,Suburban,F,White,Initial,ATW,2020,4,408
7,ATW2020_4,5,Rural,M,White,Initial,ATW,2020,4,612
8,ATW2020_4,3,Urban,F,Asian/Pacific Islander,Initial,ATW,2020,4,1163
9,ATW2020_4,1,Urban,F,White,Initial,ATW,2020,4,213
10,ATW2020_4,4,Urban,F,White,Initial,ATW,2020,4,214
11,ATW2020_4,3,Suburban,F,White,Initial,ATW,2020,4,221
12,ATW2020_4,3,Urban,F,White,Initial,ATW,2020,4,280
13,ATW2020_4,7,Suburban,M,White,Initial,ATW,2020,4,307
14,ATW2020_4,6,Suburban,F,White,Initial,ATW,2020,4,315
15,ATW2020_4,11,Urban,M,Hispanic,Initial,ATW,2020,4,417
16,ATW2020_4,1,Rural,F,White,Initial,ATW,2020,4,445
17,ATW2020_4,4,Urban,F,White,Initial,ATW,2020,4,481
18,ATW2020_4,3,Suburban,M,Black,Initial,ATW,2020,4,578
19,ATW2020_4,7,Suburban,F,White,Initial,ATW,2020,4,588
20,ATW2020_4,7,Suburban,F,White,Initial,ATW,2020,4,629
21,ATW2020_4,7,Suburban,M,White,Initial,ATW,2020,4,643
22,ATW2020_4,4,Rural,F,White,Initial,ATW,2020,4,682
23,ATW2020_4,8,Urban,M,Hispanic,Initial,ATW,2020,4,779
24,ATW2020_4,8,Urban,F,White,Initial,ATW,2020,4,790
25,ATW2020_4,6,Urban,F,Black,Initial,ATW,2020,4,806
26,ATW2020_4,3,Suburban,F,White,Initial,ATW,2020,4,926
27,ATW2020_4,3,Rural,M,White,Initial,ATW,2020,4,944
28,ATW2020_4,7,Urban,F,White,Initial,ATW,2020,4,1073
29,ATW2020_4,7,Suburban,F,White,Initial,ATW,2020,4,1101
30,ATW2020_4,7,Urban,F,White,Initial,ATW,2020,4,1128
31,ATW2020_4,6,Urban,M,Black,Initial,ATW,2020,4,1246
32,ATW2020_4,7,Urban,F,White,Initial,ATW,2020,4,1260
33,ATW2020_4,6,Urban,F,Black,Initial,ATW,2020,4,1312
34,ATW2020_4,8,Urban,F,Asian/Pacific Islander,Initial,ATW,2020,4,1322
35,ATW2020_4,8,Urban,M,White,Initial,ATW,2020,4,1348
36,ATW2021_1,3,Suburban,M,Black,Initial,ATW,2021,1,578
37,ATW2021_1,8,Urban,M,White,Initial,ATW,2021,1,610
38,ATW2021_1,3,Rural,M,White,Initial,ATW,2021,1,1002
39,ATW2021_1,8,Urban,F,Asian/Pacific Islander,Initial,ATW,2021,1,1322
40,ATW2021_1,3,Suburban,M,Asian/Pacific Islander,Initial,ATW,2021,1,36
41,ATW2021_1,11,Rural,F,Hispanic,Initial,ATW,2021,1,442
42,ATW2021_1,7,Suburban,F,White,Initial,ATW,2021,1,511
43,ATW2021_1,8,Rural,F,American Indian/ Alaskan Native,Initial,ATW,2021,1,582
44,ATW2021_1,3,Urban,M,White,Initial,ATW,2021,1,1046
45,ATW2021_1,3,Rural,F,White,Initial,ATW,2021,1,1256
46,ATW2021_1,7,Urban,F,White,Initial,ATW,2021,1,1289
47,ATW2021_1,7,Suburban,F,White,Initial,ATW,2021,1,1345
48,ATW2021_1,7,Urban,F,Hispanic,Initial,ATW,2021,1,42
49,ATW2021_1,2,Urban,F,White,Initial,ATW,2021,1,73
50,ATW2021_1,3,Rural,F,White,Initial,ATW,2021,1,90
51,ATW2021_1,6,Suburban,M,Black,Initial,ATW,2021,1,106
52,ATW2021_1,6,Urban,M,White,Initial,ATW,2021,1,183
53,ATW2021_1,6,Suburban,F,White,Initial,ATW,2021,1,192
54,ATW2021_1,3,Urban,F,White,Initial,ATW,2021,1,266
55,ATW2021_1,6,Rural,F,White,Initial,ATW,2021,1,267
56,ATW2021_1,3,Urban,F,White,Initial,ATW,2021,1,280
57,ATW2021_1,7,Urban,F,White,Initial,ATW,2021,1,309
58,ATW2021_1,6,Suburban,F,White,Initial,ATW,2021,1,315
59,ATW2021_1,3,Suburban,F,White,Initial,ATW,2021,1,362
60,ATW2021_1,3,Suburban,F,White,Initial,ATW,2021,1,408
61,ATW2021_1,Bell,Suburban,F,Black,Initial,ATW,2021,1,450
62,ATW2021_1,6,Suburban,F,Black,Initial,ATW,2021,1,518
63,ATW2021_1,3,Suburban,F,White,Initial,ATW,2021,1,524
64,ATW2021_1,6,Suburban,F,White,Initial,ATW,2021,1,644
65,ATW2021_1,6,Urban,F,Black,Initial,ATW,2021,1,651
66,ATW2021_1,7,Urban,F,White,Initial,ATW,2021,1,693
67,ATW2021_1,3,Urban,F,Asian/Pacific Islander,Initial,ATW,2021,1,750
68,ATW2021_1,3,Suburban,F,White,Initial,ATW,2021,1,798
69,ATW2021_1,3,Urban,F,White,Initial,ATW,2021,1,846
70,ATW2021_1,3,Suburban,F,White,Initial,ATW,2021,1,1006
71,ATW2021_1,9,Rural,F,White,Initial,ATW,2021,1,1009
72,ATW2021_1,7,Rural,F,White,Initial,ATW,2021,1,1101
73,ATW2021_1,7,Urban,F,White,Initial,ATW,2021,1,1150
74,ATW2021_1,3,Urban,F,Asian/Pacific Islander,Initial,ATW,2021,1,1162
75,ATW2021_1,3,Urban,F,White,Initial,ATW,2021,1,1164
76,ATW2021_1,6,Urban,F,White,Initial,ATW,2021,1,1237
77,ATW2021_1,6,Suburban,F,White,Initial,ATW,2021,1,1307
78,ATW2021_1,3,Urban,M,White,Initial,ATW,2021,1,1356
79,ATW2021_1,7,Suburban,F,Black,Initial,ATW,2021,1,1357
80,ATW2021_1,7,Urban,F,White,Initial,ATW,2021,1,1365
81,ATW2021_1,6,Suburban,F,White,Initial,ATW,2021,1,1366
82,ATW2021_1,7,Urban,M,White,Initial,ATW,2021,1,1374
83,BH2021_2,3,Suburban,F,Hispanic,Initial,BH,2021,2,781
84,BH2021_2,4,Rural,F,Black,Initial,BH,2021,2,538
85,BH2021_2,1,Rural,M,American Indian/ Alaskan Native,Initial,BH,2021,2,1314
86,BH2021_2,1,Rural,F,White,Initial,BH,2021,2,1153
87,BH2021_2,6,Rural,F,White,Initial,BH,2021,2,267
88,BH2021_2,6,Suburban,M,Hispanic,Initial,BH,2021,2,727
89,BH2021_2,6,Suburban,F,Asian/Pacific Islander,Initial,BH,2021,2,704
90,BH2021_2,4,Rural,F,Black,Initial,BH,2021,2,1084
91,BH2021_2,2,Urban,M,Black,Initial,BH,2021,2,420
92,BH2021_2,7,Suburban,F,Hispanic,Initial,BH,2021,2,13
93,BH2021_2,8,Suburban,F,White,Initial,BH,2021,2,17
94,BH2021_2,6,Urban,M,White,Initial,BH,2021,2,27
95,BH2021_2,3,Suburban,F,White,Initial,BH,2021,2,23
96,BH2021_2,11,Rural,M,Hispanic,Initial,BH,2021,2,29
97,BH2021_2,6,Urban,M,Black,Initial,BH,2021,2,37
98,BH2021_2,8,Urban,F,White,Initial,BH,2021,2,53
99,BH2021_2,8,Urban,M,Hispanic,Initial,BH,2021,2,54
100,BH2021_2,3,Urban,F,Black,Initial,BH,2021,2,59
101,BH2021_2,6,Suburban,F,Black,Initial,BH,2021,2,62
102,BH2021_2,6,Suburban,F,Black,Initial,BH,2021,2,75
103,BH2021_2,7,Urban,F,Hispanic,Initial,BH,2021,2,77
104,BH2021_2,3,Suburban,F,White,Initial,BH,2021,2,78
105,BH2021_2,8,Urban,F,Hispanic,Initial,BH,2021,2,92
106,BH2021_2,3,Suburban,M,White,Initial,BH,2021,2,93
107,BH2021_2,10,Urban,M,White,Initial,BH,2021,2,94
108,BH2021_2,6,Suburban,F,Black,Initial,BH,2021,2,118
109,BH2021_2,7,Urban,M,White,Initial,BH,2021,2,126
110,BH2021_2,3,Suburban,M,Black,Initial,BH,2021,2,128
111,BH2021_2,6,Suburban,F,Black,Initial,BH,2021,2,131
112,BH2021_2,OOS,,M,White,Initial,BH,2021,2,139
113,BH2021_2,3,Suburban,F,Other,Initial,BH,2021,2,141
114,BH2021_2,8,Urban,F,Black,Initial,BH,2021,2,150
115,BH2021_2,1,Urban,F,White,Initial,BH,2021,2,151
116,BH2021_2,6,Urban,F,Black,Initial,BH,2021,2,180
117,BH2021_2,10,Urban,F,White,Initial,BH,2021,2,189
118,BH2021_2,7,Urban,F,White,Initial,BH,2021,2,195
119,BH2021_2,6,Suburban,F,Black,Initial,BH,2021,2,196
120,BH2021_2,7,Urban,F,White,Initial,BH,2021,2,200
121,BH2021_2,11,Urban,F,Hispanic,Initial,BH,2021,2,201
122,BH2021_2,6,Suburban,F,White,Initial,BH,2021,2,217
123,BH2021_2,11,Urban,F,Hispanic,Initial,BH,2021,2,227
124,BH2021_2,3,Suburban,F,White,Initial,BH,2021,2,236
125,BH2021_2,3,Urban,M,Other,Initial,BH,2021,2,239
126,BH2021_2,3,Rural,F,White,Initial,BH,2021,2,252
127,BH2021_2,3,Rural,F,White,Initial,BH,2021,2,256
128,BH2021_2,3,Urban,F,White,Initial,BH,2021,2,266
129,BH2021_2,6,Urban,F,White,Initial,BH,2021,2,270
130,BH2021_2,8,Suburban,M,Black,Initial,BH,2021,2,276
131,BH2021_2,3,Suburban,F,White,Initial,BH,2021,2,277
132,BH2021_2,7,Suburban,F,Hispanic,Initial,BH,2021,2,283
133,BH2021_2,6,Urban,F,White,Initial,BH,2021,2,284
134,BH2021_2,3,Suburban,F,White,Initial,BH,2021,2,286
135,BH2021_2,6,Urban,F,White,Initial,BH,2021,2,313
136,BH2021_2,1,Urban,F,White,Initial,BH,2021,2,322
137,BH2021_2,11,Rural,F,Black,Initial,BH,2021,2,329
138,BH2021_2,11,Urban,F,Hispanic,Initial,BH,2021,2,340
139,BH2021_2,6,Suburban,F,Other,Initial,BH,2021,2,342
140,BH2021_2,4,Urban,M,White,Initial,BH,2021,2,347
141,BH2021_2,9,Urban,F,White,Initial,BH,2021,2,375
142,BH2021_2,3,Urban,F,Black,Initial,BH,2021,2,385
143,BH2021_2,3,Urban,F,Hispanic,Initial,BH,2021,2,389
144,BH2021_2,8,Urban,F,Hispanic,Initial,BH,2021,2,390
145,BH2021_2,6,Rural,F,White,Initial,BH,2021,2,401
146,BH2021_2,3,Suburban,F,White,Initial,BH,2021,2,406
147,BH2021_2,6,Suburban,F,Black,Initial,BH,2021,2,407
148,BH2021_2,8,Urban,F,Hispanic,Initial,BH,2021,2,416
149,BH2021_2,3,Suburban,F,White,Initial,BH,2021,2,422
150,BH2021_2,7,Urban,F,White,Initial,BH,2021,2,438
151,BH2021_2,6,Suburban,F,Black,Initial,BH,2021,2,443
152,BH2021_2,6,Urban,F,White,Initial,BH,2021,2,459
153,BH2021_2,10,Urban,M,Asian/Pacific Islander,Initial,BH,2021,2,462
154,BH2021_2,2,Urban,F,White,Initial,BH,2021,2,474
155,BH2021_2,8,Urban,F,Black,Initial,BH,2021,2,480
156,BH2021_2,6,Suburban,F,White,Initial,BH,2021,2,484
157,BH2021_2,11,Urban,F,Hispanic,Initial,BH,2021,2,485
158,BH2021_2,8,Urban,F,White,Initial,BH,2021,2,500
159,BH2021_2,6,Rural,F,White,Initial,BH,2021,2,520
160,BH2021_2,7,Urban,M,White,Initial,BH,2021,2,525
161,BH2021_2,10,Urban,F,Hispanic,Initial,BH,2021,2,531
162,BH2021_2,6,Suburban,F,White,Initial,BH,2021,2,533
163,BH2021_2,8,Urban,F,American Indian/ Alaskan Native,Initial,BH,2021,2,541
164,BH2021_2,6,Suburban,F,White,Initial,BH,2021,2,551
165,BH2021_2,1,Urban,M,White,Initial,BH,2021,2,553
166,BH2021_2,3,Suburban,M,White,Initial,BH,2021,2,555
167,BH2021_2,1,Urban,F,White,Initial,BH,2021,2,563
168,BH2021_2,6,Suburban,F,Black,Initial,BH,2021,2,564
169,BH2021_2,7,Urban,F,White,Initial,BH,2021,2,575
170,BH2021_2,6,Suburban,F,Hispanic,Initial,BH,2021,2,576
171,BH2021_2,9,Urban,M,Asian/Pacific Islander,Initial,BH,2021,2,581
172,BH2021_2,6,Suburban,F,Hispanic,Initial,BH,2021,2,597
173,BH2021_2,4,Rural,F,White,Initial,BH,2021,2,604
174,BH2021_2,6,Suburban,F,Black,Initial,BH,2021,2,609
175,BH2021_2,3,Suburban,F,Black,Initial,BH,2021,2,624
176,BH2021_2,7,Suburban,F,White,Initial,BH,2021,2,658
177,BH2021_2,3,Suburban,F,White,Initial,BH,2021,2,685
178,BH2021_2,6,Urban,M,White,Initial,BH,2021,2,687
179,BH2021_2,3,Urban,F,White,Initial,BH,2021,2,689
180,BH2021_2,3,Suburban,F,Hispanic,Initial,BH,2021,2,690
181,BH2021_2,7,Suburban,F,White,Initial,BH,2021,2,695
182,BH2021_2,3,Suburban,M,Black,Initial,BH,2021,2,700
183,BH2021_2,6,Urban,F,Black,Initial,BH,2021,2,705
184,BH2021_2,3,Rural,M,White,Initial,BH,2021,2,710
185,BH2021_2,6,Suburban,F,White,Initial,BH,2021,2,713
186,BH2021_2,3,Suburban,F,White,Initial,BH,2021,2,714
187,BH2021_2,11,Urban,F,Hispanic,Initial,BH,2021,2,715
188,BH2021_2,7,Urban,M,Hispanic,Initial,BH,2021,2,716
189,BH2021_2,6,Suburban,F,White,Initial,BH,2021,2,721
190,BH2021_2,3,Suburban,F,White,Initial,BH,2021,2,722
191,BH2021_2,2,Rural,F,White,Initial,BH,2021,2,724
192,BH2021_2,7,Urban,M,White,Initial,BH,2021,2,741
193,BH2021_2,3,Rural,M,Asian/Pacific Islander,Initial,BH,2021,2,759
194,BH2021_2,6,Suburban,M,Black,Initial,BH,2021,2,769
195,BH2021_2,3,Urban,M,Black,Initial,BH,2021,2,805
196,BH2021_2,3,Urban,F,White,Initial,BH,2021,2,850
197,BH2021_2,11,Urban,M,Hispanic,Initial,BH,2021,2,853
198,BH2021_2,8,Urban,F,Black,Initial,BH,2021,2,857
199,BH2021_2,7,Rural,F,White,Initial,BH,2021,2,858
200,BH2021_2,6,Urban,F,White,Initial,BH,2021,2,867
201,BH2021_2,6,Suburban,F,Black,Initial,BH,2021,2,871
202,BH2021_2,6,Urban,F,White,Initial,BH,2021,2,872
203,BH2021_2,3,Suburban,F,White,Initial,BH,2021,2,901
204,BH2021_2,3,Urban,F,Black,Initial,BH,2021,2,903
205,BH2021_2,7,Urban,M,White,Initial,BH,2021,2,911
206,BH2021_2,3,Suburban,F,Black,Initial,BH,2021,2,919
207,BH2021_2,3,Suburban,F,White,Initial,BH,2021,2,920
208,BH2021_2,6,Suburban,F,Black,Initial,BH,2021,2,929
209,BH2021_2,6,Suburban,M,Black,Initial,BH,2021,2,933
210,BH2021_2,6,Rural,M,White,Initial,BH,2021,2,937
211,BH2021_2,3,Urban,F,Black,Initial,BH,2021,2,941
212,BH2021_2,3,Suburban,M,White,Initial,BH,2021,2,928
213,BH2021_2,3,Suburban,F,Asian/Pacific Islander,Initial,BH,2021,2,948
214,BH2021_2,8,Urban,F,White,Initial,BH,2021,2,953
215,BH2021_2,11,Urban,F,Hispanic,Initial,BH,2021,2,956
216,BH2021_2,3,Urban,M,White,Initial,BH,2021,2,963
217,BH2021_2,11,Suburban,M,White,Initial,BH,2021,2,964
218,BH2021_2,6,Rural,F,Hispanic,Initial,BH,2021,2,978
219,BH2021_2,3,Suburban,F,Black,Initial,BH,2021,2,983
220,BH2021_2,3,Rural,F,White,Initial,BH,2021,2,991
221,BH2021_2,2,Urban,F,White,Initial,BH,2021,2,997
222,BH2021_2,7,Urban,F,White,Initial,BH,2021,2,998
223,BH2021_2,6,Suburban,M,Black,Initial,BH,2021,2,1001
224,BH2021_2,3,Suburban,F,White,Initial,BH,2021,2,1011
225,BH2021_2,3,Suburban,F,White,Initial,BH,2021,2,1015
226,BH2021_2,6,Suburban,M,White,Initial,BH,2021,2,1021
227,BH2021_2,6,Urban,F,White,Initial,BH,2021,2,1025
228,BH2021_2,7,Urban,M,White,Initial,BH,2021,2,1026
229,BH2021_2,7,Urban,F,Hispanic,Initial,BH,2021,2,1034
230,BH2021_2,7,Urban,F,White,Initial,BH,2021,2,1037
231,BH2021_2,3,Urban,F,Hispanic,Initial,BH,2021,2,1054
232,BH2021_2,6,Urban,M,Black,Initial,BH,2021,2,1061
233,BH2021_2,8,Suburban,F,Hispanic,Initial,BH,2021,2,1069
234,BH2021_2,7,Urban,F,White,Initial,BH,2021,2,1077
235,BH2021_2,6,Urban,F,Black,Initial,BH,2021,2,1086
236,BH2021_2,4,Rural,F,White,Initial,BH,2021,2,1088
237,BH2021_2,6,Urban,F,Other,Initial,BH,2021,2,1096
238,BH2021_2,11,Rural,F,Hispanic,Initial,BH,2021,2,1098
239,BH2021_2,7,Rural,F,White,Initial,BH,2021,2,1101
240,BH2021_2,3,Suburban,F,Black,Initial,BH,2021,2,1105
241,BH2021_2,7,Rural,F,White,Initial,BH,2021,2,1106
242,BH2021_2,7,Urban,F,Hispanic,Initial,BH,2021,2,1131
243,BH2021_2,7,Suburban,F,Hispanic,Initial,BH,2021,2,1134
244,BH2021_2,4,Urban,M,White,Initial,BH,2021,2,1148
245,BH2021_2,6,Suburban,F,Black,Initial,BH,2021,2,1156
246,BH2021_2,4,Urban,M,White,Initial,BH,2021,2,1192
247,BH2021_2,8,Suburban,F,White,Initial,BH,2021,2,1202
248,BH2021_2,6,Urban,F,Black,Initial,BH,2021,2,1205
249,BH2021_2,1,Urban,F,Hispanic,Initial,BH,2021,2,1206
250,BH2021_2,3,Suburban,F,Black,Initial,BH,2021,2,1213
251,BH2021_2,8,Rural,M,White,Initial,BH,2021,2,1217
252,BH2021_2,6,Urban,F,Black,Initial,BH,2021,2,1219
253,BH2021_2,9,Urban,F,White,Initial,BH,2021,2,1226
254,BH2021_2,3,Urban,M,White,Initial,BH,2021,2,1242
255,BH2021_2,6,Suburban,F,Black,Initial,BH,2021,2,1251
256,BH2021_2,4,Urban,F,Black,Initial,BH,2021,2,1255
257,BH2021_2,4,Rural,F,White,Initial,BH,2021,2,1261
258,BH2021_2,11,Rural,F,Hispanic,Initial,BH,2021,2,1265
259,BH2021_2,8,Urban,F,Hispanic,Initial,BH,2021,2,1275
260,BH2021_2,1,Urban,M,White,Initial,BH,2021,2,1280
261,BH2021_2,7,Rural,F,Hispanic,Initial,BH,2021,2,1284
262,BH2021_2,6,Urban,F,Black,Initial,BH,2021,2,1285
263,BH2021_2,7,Rural,F,White,Initial,BH,2021,2,1388
264,BH2021_2,3,Urban,F,Black,Initial,BH,2021,2,1294
265,BH2021_2,6,Suburban,M,Hispanic,Initial,BH,2021,2,1297
266,BH2021_2,6,Suburban,F,White,Initial,BH,2021,2,1315
267,BH2021_2,6,Suburban,F,White,Initial,BH,2021,2,1337
268,BH2021_2,7,Urban,F,Asian/Pacific Islander,Initial,BH,2021,2,1360
269,BH2020_9,7,Suburban,M,Hispanic,Initial,BH,2020,9,1199
270,BH2020_9,7,Suburban,M,Asian/Pacific Islander,Initial,BH,2020,9,1325
271,BH2020_9,7,Urban,F,White,Initial,BH,2020,9,1261
272,BH2020_9,11,Urban,F,Black,Initial,BH,2020,9,19
273,BH2020_9,6,Urban,F,Black,Initial,BH,2020,9,25
274,BH2020_9,11,Urban,F,White,Initial,BH,2020,9,112
275,BH2020_9,11,Rural,F,Hispanic,Initial,BH,2020,9,114
276,BH2020_9,5,Urban,M,White,Initial,BH,2020,9,117
277,BH2020_9,7,Urban,F,White,Initial,BH,2020,9,119
278,BH2020_9,6,Suburban,M,White,Initial,BH,2020,9,168
279,BH2020_9,3,Suburban,F,Black,Initial,BH,2020,9,188
280,BH2020_9,3,Suburban,F,White,Initial,BH,2020,9,301
281,BH2020_9,3,Urban,F,Hispanic,Initial,BH,2020,9,389
282,BH2020_9,6,Suburban,F,White,Initial,BH,2020,9,437
283,BH2020_9,11,Suburban,F,Hispanic,Initial,BH,2020,9,468
284,BH2020_9,3,Urban,M,White,Initial,BH,2020,9,476
285,BH2020_9,3,Urban,F,White,Initial,BH,2020,9,479
286,BH2020_9,10,Rural,M,Hispanic,Initial,BH,2020,9,487
287,BH2020_9,7,Urban,F,White,Initial,BH,2020,9,561
288,BH2020_9,3,Rural,F,Black,Initial,BH,2020,9,669
289,BH2020_9,7,Urban,F,White,Initial,BH,2020,9,676
290,BH2020_9,10,Urban,F,Asian/Pacific Islander,Initial,BH,2020,9,681
291,BH2020_9,6,Suburban,F,Black,Initial,BH,2020,9,694
292,BH2020_9,7,Urban,F,White,Initial,BH,2020,9,707
293,BH2020_9,3,Rural,M,Asian/Pacific Islander,Initial,BH,2020,9,759
294,BH2020_9,3,Suburban,F,Black,Initial,BH,2020,9,804
295,BH2020_9,3,Urban,F,White,Initial,BH,2020,9,831
296,BH2020_9,6,Urban,M,Other,Initial,BH,2020,9,1184
297,BH2020_9,8,Urban,F,White,Initial,BH,2020,9,1271
298,BH2020_9,3,Urban,F,Black,Initial,BH,2020,9,1316
299,BH2020_9,6,Urban,F,Black,Initial,BH,2020,9,1364
300,BH2020_9,5,Urban,F,Black,Initial,BH,2020,9,1367
301,DRUB2019_12,3,Rural,F,White,Initial,DRUB,2019,12,89
302,DRUB2019_12,5,Rural,F,Black,Initial,DRUB,2019,12,140
303,DRUB2019_12,3,Urban,M,White,Initial,DRUB,2019,12,398
304,DRUB2019_12,3,Urban,F,Asian/Pacific Islander,Initial,DRUB,2019,12,456
305,DRUB2019_12,3,Urban,F,White,Initial,DRUB,2019,12,626
306,DRUB2019_12,3,Urban,M,Asian/Pacific Islander,Initial,DRUB,2019,12,760
307,DRUB2019_12,6,Urban,F,White,Initial,DRUB,2019,12,838
308,DRUB2019_12,11,Urban,F,White,Initial,DRUB,2019,12,925
309,DRUB2019_12,3,Urban,F,Asian/Pacific Islander,Initial,DRUB,2019,12,932
310,DRUB2019_12,3,Urban,M,White,Initial,DRUB,2019,12,955
311,DRUB2019_12,6,Urban,F,Asian/Pacific Islander,Initial,DRUB,2019,12,1022
312,DRUB2019_12,3,Urban,M,White,Initial,DRUB,2019,12,1040
313,DRUB2019_12,7,Urban,M,White,Initial,DRUB,2019,12,1149
314,DRUB2019_12,7,Urban,M,White,Initial,DRUB,2019,12,1338
315,DRUB2019_12,8,Urban,M,White,Initial,DRUB,2019,12,1368
316,DRUB2021_3,6,Urban,F,Hispanic,Initial,DRUB,2021,3,1300
317,DRUB2021_3,6,Suburban,F,Black,Initial,DRUB,2021,3,526
318,DRUB2021_3,3,Suburban,M,White,Initial,DRUB,2021,3,567
319,DRUB2021_3,6,Suburban,M,White,Initial,DRUB,2021,3,807
320,DRUB2021_3,8,Urban,M,White,Initial,DRUB,2021,3,870
321,DRUB2021_3,6,Suburban,M,Black,Initial,DRUB,2021,3,892
322,DRUB2021_3,7,Urban,M,Asian/Pacific Islander,Initial,DRUB,2021,3,894
323,DRUB2021_3,7,Urban,F,White,Initial,DRUB,2021,3,1212
324,DRUB2021_3,10,Urban,M,Hispanic,Initial,DRUB,2021,3,1302
325,DRUB2021_3,6,Suburban,M,White,Initial,DRUB,2021,3,1311
326,DRUB2020_10,3,Urban,M,White,Renewal,DRUB,2020,10,123
327,DRUB2020_10,7,Urban,M,White,Renewal,DRUB,2020,10,130
328,DRUB2020_10,1,Urban,F,White,Renewal,DRUB,2020,10,549
329,DRUB2020_10,8,Rural,F,White,Initial,DRUB,2020,10,665
330,DRUB2020_10,3,Suburban,M,White,Initial,DRUB,2020,10,605
331,DRUB2020_10,6,Urban,F,Black,Initial,DRUB,2020,10,1019
332,DRUB2020_10,6,Urban,F,White,Initial,DRUB,2020,10,1121
333,DRUB2020_10,8,Urban,F,Hispanic,Initial,DRUB,2020,10,731
334,EHEA2020_4,6,Urban,M,Asian/Pacific Islander,Initial,EHEA,2020,4,97
335,EHEA2020_4,7,Rural,F,White,Initial,EHEA,2020,4,136
336,EHEA2020_4,3,Suburban,F,White,Initial,EHEA,2020,4,216
337,EHEA2020_4,6,Urban,M,Asian/Pacific Islander,Initial,EHEA,2020,4,253
338,EHEA2020_4,11,Urban,F,Black,Initial,EHEA,2020,4,317
339,EHEA2020_4,7,Urban,M,White,Renewal,EHEA,2020,4,470
340,EHEA2020_4,6,Suburban,F,White,Initial,EHEA,2020,4,621
341,EHEA2020_4,6,Suburban,M,White,Initial,EHEA,2020,4,671
342,EHEA2020_4,7,Urban,F,Hispanic,Initial,EHEA,2020,4,688
343,EHEA2020_4,7,Urban,F,White,Renewal,EHEA,2020,4,808
344,EHEA2020_4,3,Suburban,F,White,Renewal,EHEA,2020,4,818
345,EHEA2020_4,7,Urban,F,White,Renewal,EHEA,2020,4,851
346,EHEA2020_4,6,Rural,M,White,Initial,EHEA,2020,4,965
347,EHEA2020_4,1,Urban,M,White,Renewal,EHEA,2020,4,994
348,EHEA2020_4,7,Urban,F,White,Initial,EHEA,2020,4,1087
349,EHEA2020_4,8,Urban,F,Asian/Pacific Islander,Initial,EHEA,2020,4,1322
350,EHEA2020_4,8,Suburban,F,Black,Initial,EHEA,2020,4,1341
351,EHEA2020_4,7,Suburban,F,White,Initial,EHEA,2020,4,1355
352,EHEA2019_8,3,Urban,M,Asian/Pacific Islander,Initial,EHEA,2019,8,81
353,EHEA2019_8,6,Urban,M,White,Initial,EHEA,2019,8,105
354,EHEA2019_8,6,Urban,F,Black,Initial,EHEA,2019,8,279
355,EHEA2019_8,11,Urban,F,White,Initial,EHEA,2019,8,757
356,EHEA2019_8,3,Urban,F,Black,Initial,EHEA,2019,8,985
357,EHEA2019_8,11,Urban,M,Black,Initial,EHEA,2019,8,1210
358,EHEA2019_8,3,Urban,F,White,Initial,EHEA,2019,8,1241
359,EHEA2021_2,8,Urban,F,Asian/Pacific Islander,Initial,EHEA,2021,2,1322
360,EHEA2021_2,3,Urban,M,White,Initial,EHEA,2021,2,875
361,EHEA2021_2,7,Rural,F,White,Renewal,EHEA,2021,2,809
362,EHEA2021_2,7,Urban,F,White,Renewal,EHEA,2021,2,1065
363,EHEA2021_2,6,Urban,F,Black,Initial,EHEA,2021,2,338
364,EHEA2021_2,8,Urban,F,White,Initial,EHEA,2021,2,171
365,EHEA2021_2,3,Urban,M,White,Initial,EHEA,2021,2,18
366,EHEA2021_2,11,Urban,M,Hispanic,Initial,EHEA,2021,2,32
367,EHEA2021_2,6,Urban,M,White,Initial,EHEA,2021,2,76
368,EHEA2021_2,7,Urban,F,White,Initial,EHEA,2021,2,136
369,EHEA2021_2,6,Urban,M,Asian/Pacific Islander,Initial,EHEA,2021,2,243
370,EHEA2021_2,7,Suburban,M,White,Initial,EHEA,2021,2,263
371,EHEA2021_2,6,Suburban,M,Asian/Pacific Islander,Renewal,EHEA,2021,2,327
372,EHEA2021_2,11,Suburban,F,Asian/Pacific Islander,Initial,EHEA,2021,2,365
373,EHEA2021_2,3,Suburban,M,White,Initial,EHEA,2021,2,519
374,EHEA2021_2,6,Urban,F,Black,Initial,EHEA,2021,2,574
375,EHEA2021_2,3,Suburban,F,Asian/Pacific Islander,Initial,EHEA,2021,2,670
376,EHEA2021_2,6,Urban,F,White,Initial,EHEA,2021,2,752
377,EHEA2021_2,3,Urban,M,Other,Initial,EHEA,2021,2,860
378,EHEA2021_2,7,Urban,M,Hispanic,Initial,EHEA,2021,2,936
379,EHEA2021_2,7,Urban,M,White,Initial,EHEA,2021,2,949
380,EHEA2021_2,8,Suburban,M,White,Initial,EHEA,2021,2,1048
381,EHEA2021_2,7,Urban,M,White,Initial,EHEA,2021,2,1182
382,EHEA2021_2,6,Urban,M,Asian/Pacific Islander,Initial,EHEA,2021,2,1298
383,EHEA2021_2,7,Urban,F,White,Initial,EHEA,2021,2,1346
384,IDDS2019_8,5,Urban,M,White,Initial,IDDS,2019,8,58
385,IDDS2019_8,4,Urban,F,White,Initial,IDDS,2019,8,66
386,IDDS2019_8,3,Urban,M,White,Initial,IDDS,2019,8,155
387,IDDS2019_8,7,Urban,F,White,Initial,IDDS,2019,8,178
388,IDDS2019_8,4,Urban,M,White,Initial,IDDS,2019,8,197
389,IDDS2019_8,8,Urban,F,White,Initial,IDDS,2019,8,269
390,IDDS2019_8,3,Urban,M,Black,Initial,IDDS,2019,8,303
391,IDDS2019_8,3,Urban,M,White,Initial,IDDS,2019,8,319
392,IDDS2019_8,3,Urban,F,White,Initial,IDDS,2019,8,349
393,IDDS2019_8,8,Urban,F,White,Initial,IDDS,2019,8,358
394,IDDS2019_8,4,Urban,F,White,Initial,IDDS,2019,8,397
395,IDDS2019_8,3,Urban,F,White,Initial,IDDS,2019,8,428
396,IDDS2019_8,7,Urban,F,White,Initial,IDDS,2019,8,475
397,IDDS2019_8,4,Urban,F,White,Initial,IDDS,2019,8,491
398,IDDS2019_8,6,Urban,F,White,Initial,IDDS,2019,8,505
399,IDDS2019_8,3,Urban,F,White,Initial,IDDS,2019,8,521
400,IDDS2019_8,7,Urban,F,White,Initial,IDDS,2019,8,545
401,IDDS2019_8,7,Urban,F,White,Initial,IDDS,2019,8,550
402,IDDS2019_8,7,Rural,F,Hispanic,Initial,IDDS,2019,8,585
403,IDDS2019_8,7,Urban,F,White,Initial,IDDS,2019,8,652
404,IDDS2019_8,7,Urban,F,White,Initial,IDDS,2019,8,728
405,IDDS2019_8,6,Urban,F,White,Initial,IDDS,2019,8,743
406,IDDS2019_8,8,Rural,F,White,Initial,IDDS,2019,8,746
407,IDDS2019_8,3,Urban,M,White,Initial,IDDS,2019,8,787
408,IDDS2019_8,7,Urban,F,White,Initial,IDDS,2019,8,797
409,IDDS2019_8,6,Urban,F,White,Initial,IDDS,2019,8,811
410,IDDS2019_8,7,Urban,F,White,Initial,IDDS,2019,8,841
411,IDDS2019_8,6,Urban,F,White,Initial,IDDS,2019,8,888
412,IDDS2019_8,7,Urban,F,White,Initial,IDDS,2019,8,889
413,IDDS2019_8,7,Urban,F,White,Initial,IDDS,2019,8,988
414,IDDS2019_8,3,Urban,F,Asian/Pacific Islander,Initial,IDDS,2019,8,1030
415,IDDS2019_8,3,Urban,F,White,Initial,IDDS,2019,8,1100
416,IDDS2019_8,7,Urban,F,White,Initial,IDDS,2019,8,1118
417,IDDS2019_8,8,Urban,F,Hispanic,Initial,IDDS,2019,8,1140
418,IDDS2019_8,8,Urban,F,White,Initial,IDDS,2019,8,1179
419,IDDS2019_8,7,Urban,F,White,Initial,IDDS,2019,8,1187
420,IDDS2019_8,6,Urban,F,White,Initial,IDDS,2019,8,1194
421,IDDS2019_8,6,Urban,F,White,Initial,IDDS,2019,8,1229
422,IDDS2019_8,7,Rural,F,Other,Initial,IDDS,2019,8,1317
423,IDDS2019_8,7,Rural,M,White,Initial,IDDS,2019,8,1318
424,IDDS2019_8,6,Urban,F,Black,Initial,IDDS,2019,8,1353
425,IDDS2019_8,7,Urban,F,White,Initial,IDDS,2019,8,1386
426,IDDS2021_2,5,Suburban,F,White,Initial,IDDS,2021,2,24
427,IDDS2021_2,4,Rural,M,White,Initial,IDDS,2021,2,198
428,IDDS2021_2,6,Urban,F,Hispanic,Initial,IDDS,2021,2,228
429,IDDS2021_2,6,Urban,F,Hispanic,Initial,IDDS,2021,2,482
430,IDDS2021_2,3,Urban,F,White,Renewal,IDDS,2021,2,444
431,IDDS2021_2,1,Urban,F,White,Initial,IDDS,2021,2,560
432,IDDS2021_2,7,Rural,M,White,Initial,IDDS,2021,2,565
433,IDDS2021_2,7,Urban,F,White,Initial,IDDS,2021,2,430
434,IDDS2021_2,8,Rural,M,White,Initial,IDDS,2021,2,939
435,IDDS2021_2,3,Suburban,F,Black,Initial,IDDS,2021,2,26
436,IDDS2021_2,10,Urban,F,Other,Initial,IDDS,2021,2,65
437,IDDS2021_2,7,Suburban,F,White,Initial,IDDS,2021,2,124
438,IDDS2021_2,3,Rural,F,White,Initial,IDDS,2021,2,137
439,IDDS2021_2,3,Urban,F,White,Initial,IDDS,2021,2,145
440,IDDS2021_2,6,Rural,F,Other,Initial,IDDS,2021,2,156
441,IDDS2021_2,3,Suburban,F,White,Initial,IDDS,2021,2,204
442,IDDS2021_2,8,Urban,F,Hispanic,Initial,IDDS,2021,2,215
443,IDDS2021_2,3,Rural,F,White,Initial,IDDS,2021,2,257
444,IDDS2021_2,6,Rural,F,White,Initial,IDDS,2021,2,429
445,IDDS2021_2,8,Urban,F,White,Initial,IDDS,2021,2,454
446,IDDS2021_2,6,Suburban,M,White,Initial,IDDS,2021,2,457
447,IDDS2021_2,6,Urban,F,Hispanic,Initial,IDDS,2021,2,530
448,IDDS2021_2,7,Rural,F,Hispanic,Initial,IDDS,2021,2,586
449,IDDS2021_2,7,Rural,F,Hispanic,Initial,IDDS,2021,2,587
450,IDDS2021_2,5,Rural,F,Other,Initial,IDDS,2021,2,622
451,IDDS2021_2,7,Urban,F,Black,Initial,IDDS,2021,2,648
452,IDDS2021_2,3,Urban,F,Other,Initial,IDDS,2021,2,819
453,IDDS2021_2,11,Urban,F,Hispanic,Initial,IDDS,2021,2,829
454,IDDS2021_2,6,Urban,F,White,Initial,IDDS,2021,2,835
455,IDDS2021_2,5,Rural,F,White,Initial,IDDS,2021,2,896
456,IDDS2021_2,6,Rural,F,White,Initial,IDDS,2021,2,946
457,IDDS2021_2,3,Rural,F,Black,Initial,IDDS,2021,2,952
458,IDDS2021_2,6,Suburban,F,White,Initial,IDDS,2021,2,1093
459,IDDS2021_2,8,Rural,F,White,Initial,IDDS,2021,2,1112
460,IDDS2021_2,7,Urban,F,White,Initial,IDDS,2021,2,1158
461,IDDS2021_2,6,Rural,F,White,Initial,IDDS,2021,2,1178
462,IDDS2021_2,10,Urban,F,Hispanic,Initial,IDDS,2021,2,1196
463,IDDS2021_2,8,Urban,F,Hispanic,Initial,IDDS,2021,2,1250
464,IDDS2021_2,6,Urban,F,White,Initial,IDDS,2021,2,1278
465,STARK2019_12,6,,M,Hispanic,,STARK,2019,12,884
466,STARK2019_12,7,,F,White,,STARK,2019,12,210
467,STARK2019_12,11,,M,Hispanic,,STARK,2019,12,979
468,STARK2019_12,11,,F,Hispanic,,STARK,2019,12,905
469,STARK2019_12,6,,M,White,,STARK,2019,12,48
470,STARK2019_12,3,,F,White,,STARK,2019,12,49
471,STARK2019_12,8,,M,White,,STARK,2019,12,122
472,STARK2019_12,,,F,Black,,STARK,2019,12,161
473,STARK2019_12,,,F,Hispanic,,STARK,2019,12,199
474,STARK2019_12,3,,M,White,,STARK,2019,12,251
475,STARK2019_12,3,,F,White,,STARK,2019,12,261
476,STARK2019_12,8,,F,White,,STARK,2019,12,311
477,STARK2019_12,7,,M,White,,STARK,2019,12,332
478,STARK2019_12,6,,M,White,,STARK,2019,12,336
479,STARK2019_12,8,,F,White,,STARK,2019,12,380
480,STARK2019_12,10,,M,White,,STARK,2019,12,383
481,STARK2019_12,7,,F,White,,STARK,2019,12,388
482,STARK2019_12,7,,F,White,,STARK,2019,12,411
483,STARK2019_12,7,,F,White,,STARK,2019,12,423
484,STARK2019_12,3,,F,White,,STARK,2019,12,427
485,STARK2019_12,3,,F,White,,STARK,2019,12,446
486,STARK2019_12,3,,F,White,,STARK,2019,12,466
487,STARK2019_12,3,,F,White,,STARK,2019,12,472
488,STARK2019_12,6,,M,White,,STARK,2019,12,477
489,STARK2019_12,7,,F,White,,STARK,2019,12,478
490,STARK2019_12,1,,F,White,,STARK,2019,12,490
491,STARK2019_12,,,F,Black,,STARK,2019,12,517
492,STARK2019_12,,,F,Black,,STARK,2019,12,527
493,STARK2019_12,11,,F,White,,STARK,2019,12,537
494,STARK2019_12,,,F,Hispanic,,STARK,2019,12,580
495,STARK2019_12,3,,F,White,,STARK,2019,12,633
496,STARK2019_12,3,,M,White,,STARK,2019,12,668
497,STARK2019_12,7,,F,White,,STARK,2019,12,679
498,STARK2019_12,6,,F,White,,STARK,2019,12,677
499,STARK2019_12,,,F,Hispanic,,STARK,2019,12,745
500,STARK2019_12,5,,F,White,,STARK,2019,12,762
501,STARK2019_12,,,F,Hispanic,,STARK,2019,12,773
502,STARK2019_12,,,F,Hispanic,,STARK,2019,12,776
503,STARK2019_12,,,F,White,,STARK,2019,12,799
504,STARK2019_12,,,F,Black,,STARK,2019,12,801
505,STARK2019_12,1,,F,White,,STARK,2019,12,813
506,STARK2019_12,3,,F,White,,STARK,2019,12,824
507,STARK2019_12,8,,F,White,,STARK,2019,12,825
508,STARK2019_12,7,,F,White,,STARK,2019,12,828
509,STARK2019_12,,,F,American Indian/ Alaskan Native,,STARK,2019,12,927
510,STARK2019_12,7,,F,White,,STARK,2019,12,940
511,STARK2019_12,,,F,Black,,STARK,2019,12,943
512,STARK2019_12,,,F,Hispanic,,STARK,2019,12,947
513,STARK2019_12,6,,F,White,,STARK,2019,12,951
514,STARK2019_12,,,F,Black,,STARK,2019,12,960
515,STARK2019_12,8,,F,Hispanic,,STARK,2019,12,993
516,STARK2019_12,6,,F,White,,STARK,2019,12,1020
517,STARK2019_12,,,F,Hispanic,,STARK,2019,12,1033
518,STARK2019_12,6,,F,White,,STARK,2019,12,1041
519,STARK2019_12,6,,F,White,,STARK,2019,12,1060
520,STARK2019_12,8,,F,White,,STARK,2019,12,1089
521,STARK2019_12,,,F,Black,,STARK,2019,12,1120
522,STARK2019_12,4,,M,White,,STARK,2019,12,1151
523,STARK2019_12,,,F,Asian/Pacific Islander,,STARK,2019,12,1165
524,STARK2019_12,6,,F,White,,STARK,2019,12,1177
525,STARK2019_12,,,F,Black,,STARK,2019,12,1186
526,STARK2019_12,3,,F,White,,STARK,2019,12,1244
527,STARK2019_12,6,,F,White,,STARK,2019,12,1266
528,STARK2019_12,7,,F,White,,STARK,2019,12,1272
529,STARK2019_12,3,,F,White,,STARK,2019,12,1301
530,STARK2019_12,,,M,Black,,STARK,2019,12,1319
531,STARK2019_12,11,,F,White,,STARK,2019,12,1340
532,STARK2019_12,,,F,Black,,STARK,2019,12,1349
533,STARK2019_12,1,,F,White,,STARK,2019,12,1354
534,STARK2019_12,,,M,Black,,STARK,2019,12,1361
535,STARK2019_12,6,,F,White,,STARK,2019,12,1371
536,STARK2019_12,,,F,Black,,STARK,2019,12,1375
537,STARK2021_1,3,,F,Black,,STARK,2021,1,1335
538,STARK2021_1,11,,F,Hispanic,,STARK,2021,1,488
539,STARK2021_1,8,,F,Hispanic,,STARK,2021,1,400
540,STARK2021_1,7,,M,White,,STARK,2021,1,1372
541,STARK2021_1,6,,F,Black,,STARK,2021,1,60
542,STARK2021_1,8,,F,Hispanic,,STARK,2021,1,85
543,STARK2021_1,8,,F,Hispanic,,STARK,2021,1,86
544,STARK2021_1,7,,F,White,,STARK,2021,1,91
545,STARK2021_1,8,,F,Hispanic,,STARK,2021,1,115
546,STARK2021_1,3,,F,Black,,STARK,2021,1,161
547,STARK2021_1,4,,M,White,,STARK,2021,1,162
548,STARK2021_1,3,,F,White,,STARK,2021,1,173
549,STARK2021_1,6,,F,Black,,STARK,2021,1,179
550,STARK2021_1,6,,F,Black,,STARK,2021,1,187
551,STARK2021_1,8,,F,White,,STARK,2021,1,231
552,STARK2021_1,7,,F,White,,STARK,2021,1,250
553,STARK2021_1,3,,M,White,,STARK,2021,1,251
554,STARK2021_1,7,,F,White,,STARK,2021,1,369
555,STARK2021_1,6,,F,Hispanic,,STARK,2021,1,386
556,STARK2021_1,3,,F,Other,,STARK,2021,1,396
557,STARK2021_1,7,,F,White,,STARK,2021,1,423
558,STARK2021_1,7,,F,White,,STARK,2021,1,424
559,STARK2021_1,8,,M,White,,STARK,2021,1,434
560,STARK2021_1,6,,F,Other,,STARK,2021,1,461
561,STARK2021_1,6,,F,Black,,STARK,2021,1,471
562,STARK2021_1,5,,F,Black,,STARK,2021,1,483
563,STARK2021_1,8,,F,White,,STARK,2021,1,573
564,STARK2021_1,4,,F,Black,,STARK,2021,1,607
565,STARK2021_1,5,,F,Other,,STARK,2021,1,615
566,STARK2021_1,6,,M,White,,STARK,2021,1,659
567,STARK2021_1,3,,M,White,,STARK,2021,1,668
568,STARK2021_1,3,,F,White,,STARK,2021,1,698
569,STARK2021_1,7,,F,White,,STARK,2021,1,738
570,STARK2021_1,5,,F,Hispanic,,STARK,2021,1,753
571,STARK2021_1,7,,M,Hispanic,,STARK,2021,1,778
572,STARK2021_1,5,,F,White,,STARK,2021,1,866
573,STARK2021_1,6,,F,White,,STARK,2021,1,880
574,STARK2021_1,3,,F,White,,STARK,2021,1,887
575,STARK2021_1,3,,F,Black,,STARK,2021,1,899
576,STARK2021_1,7,,M,White,,STARK,2021,1,923
577,STARK2021_1,6,,F,White,,STARK,2021,1,1055
578,STARK2021_1,3,,F,White,,STARK,2021,1,1076
579,STARK2021_1,8,,F,White,,STARK,2021,1,1089
580,STARK2021_1,3,,F,Hispanic,,STARK,2021,1,1116
581,STARK2021_1,11,,M,Hispanic,,STARK,2021,1,1115
582,STARK2021_1,3,,F,White,,STARK,2021,1,1159
583,STARK2021_1,7,,F,White,,STARK,2021,1,1183
584,STARK2021_1,3,,F,White,,STARK,2021,1,1214
585,STARK2021_1,6,,F,White,,STARK,2021,1,1320
586,STARK2021_1,6,,F,Black,,STARK,2021,1,1336
587,STARK2019_7,,,F,,,STARK,2019,7,662
588,STARK2019_7,,,F,American Indian/ Alaskan Native,,STARK,2019,7,1168
589,STARK2019_7,,,F,White,,STARK,2019,7,796
590,STARK2019_7,,,M,White,,STARK,2019,7,843
591,STARK2019_7,,,F,White,,STARK,2019,7,638
592,STARK2019_7,,,F,White,,STARK,2019,7,764
593,STARK2019_7,,,F,White,,STARK,2019,7,1167
594,STARK2019_7,,,F,White,,STARK,2019,7,1047
595,STARK2019_7,,,F,White,,STARK,2019,7,692
596,STARK2019_7,,,F,White,,STARK,2019,7,57
597,STARK2019_7,,,F,White,,STARK,2019,7,209
598,STARK2019_7,,,F,White,,STARK,2019,7,47
599,STARK2019_7,,,F,White,,STARK,2019,7,1228
600,STARK2019_7,,,F,Black,,STARK,2019,7,370
601,STARK2019_7,,,F,Black,,STARK,2019,7,1170
602,STARK2019_7,,,F,White,,STARK,2019,7,45
603,STARK2019_7,,,F,Black,,STARK,2019,7,1056
604,STARK2019_7,,,F,Black,,STARK,2019,7,35
605,STARK2019_7,,,F,White,,STARK,2019,7,600
606,STARK2019_7,,,F,White,,STARK,2019,7,33
607,STARK2019_7,,,F,White,,STARK,2019,7,44
608,STARK2019_7,,,F,White,,STARK,2019,7,844
609,STARK2019_7,,,F,White,,STARK,2019,7,1359
610,STARK2019_7,,,M,Black,,STARK,2019,7,394
611,STARK2019_7,,,M,White,,STARK,2019,7,1208
612,STARK2019_7,,,F,Black,,STARK,2019,7,602
613,STARK2019_7,,,M,White,,STARK,2019,7,11
614,STARK2019_7,,,F,White,,STARK,2019,7,832
615,STARK2019_7,,,F,White,,STARK,2019,7,1240
616,STARK2019_7,,,M,White,,STARK,2019,7,895
617,STARK2019_7,,,F,White,,STARK,2019,7,784
618,STARK2019_7,,,F,Black,,STARK,2019,7,287
619,STARK2019_7,,,F,White,,STARK,2019,7,102
620,STARK2019_7,,,F,Black,,STARK,2019,7,436
621,STARK2019_7,,,M,White,,STARK,2019,7,1198
622,STARK2019_7,,,F,White,,STARK,2019,7,232
623,STARK2019_7,,,F,White,,STARK,2019,7,1058
624,STARK2019_7,,,M,Hispanic,,STARK,2019,7,766
625,STARK2019_7,,,M,White,,STARK,2019,7,957
626,STARK2019_7,,,F,Black,,STARK,2019,7,22
627,STARK2019_7,,,F,Black,,STARK,2019,7,783
628,STARK2019_7,,,F,Black,,STARK,2019,7,782
629,STARK2019_7,,,F,White,,STARK,2019,7,827
630,STARK2019_7,,,F,White,,STARK,2019,7,1138
631,STARK2019_7,,,F,White,,STARK,2019,7,223
632,STARK2019_7,,,F,White,,STARK,2019,7,842
633,STARK2019_7,,,M,White,,STARK,2019,7,12
634,STARK2019_7,,,F,White,,STARK,2019,7,1239
635,STARK2019_7,,,F,White,,STARK,2019,7,902
636,STARK2019_7,,,F,Hispanic,,STARK,2019,7,38
637,STARK2019_7,,,F,White,,STARK,2019,7,631
638,STARK2019_7,,,F,White,,STARK,2019,7,21
639,STARK2019_7,,,F,Hispanic,,STARK,2019,7,247
640,STARK2019_7,,,F,Hispanic,,STARK,2019,7,1231
641,STARK2019_7,,,F,Hispanic,,STARK,2019,7,34
642,STARK2019_7,,,F,White,,STARK,2019,7,382
643,STARK2019_7,,,F,Hispanic,,STARK,2019,7,363
644,STARK2019_7,,,M,Black,,STARK,2019,7,1043
645,STARK2019_7,,,F,White,,STARK,2019,7,379
646,STARK2019_7,,,F,White,,STARK,2019,7,628
647,STARK2019_7,,,M,White,,STARK,2019,7,1381
648,STARK2019_7,,,F,Hispanic,,STARK,2019,7,661
649,STARK2019_7,,,F,White,,STARK,2019,7,46
650,STARK2019_7,,,F,Hispanic,,STARK,2019,7,593
651,STARK2019_7,,,M,White,,STARK,2019,7,627
652,STARK2019_7,,,M,Hispanic,,STARK,2019,7,601
653,STARK2019_7,,,F,Hispanic,,STARK,2019,7,1287
654,STARK2019_7,,,F,Hispanic,,STARK,2019,7,1173
655,STARK2019_7,,,F,Asian/Pacific Islander,,STARK,2019,7,1218
656,STARK2019_7,,,F,White,,STARK,2019,7,1221
657,STARK2019_7,,,F,White,,STARK,2019,7,463
658,STARK2019_7,,,F,White,,STARK,2019,7,499
659,SMCAD2019_6,6,Urban,F,Asian/Pacific Islander,Initial,SMCAD,2019,6,63
660,SMCAD2019_6,8,Urban,M,Asian/Pacific Islander,Initial,SMCAD,2019,6,245
661,SMCAD2019_6,7,Urban,F,White,Initial,SMCAD,2019,6,657
662,SMCAD2019_6,8,Urban,F,Hispanic,Initial,SMCAD,2019,6,736
663,SMCAD2019_6,3,Urban,F,White,Initial,SMCAD,2019,6,1109
664,SMCAD2019_6,6,Urban,F,White,Initial,SMCAD,2019,6,1276
665,SMCAD2019_6,8,Urban,M,White,Initial,SMCAD,2019,6,1281
666,SMCAD2019_6,7,Urban,M,White,Initial,SMCAD,2019,6,1329
667,SMCAD2019_6,7,Urban,F,White,Initial,SMCAD,2019,6,178
668,SMCAD2019_6,4,Urban,M,White,Initial,SMCAD,2019,6,617
669,SMCAD2019_6,8,Urban,M,White,Initial,SMCAD,2019,6,732
670,SMCAD2019_6,3,Urban,F,Hispanic,Initial,SMCAD,2019,6,916
671,SMCAD2019_6,6,Urban,F,Asian/Pacific Islander,Initial,SMCAD,2019,6,7
672,SMCAD2019_6,8,Urban,F,White,Initial,SMCAD,2019,6,14
673,SMCAD2019_6,7,Urban,M,White,Renewal,SMCAD,2019,6,56
674,SMCAD2019_6,4,Rural,F,White,Initial,SMCAD,2019,6,72
675,SMCAD2019_6,7,Urban,F,White,Initial,SMCAD,2019,6,74
676,SMCAD2019_6,6,Urban,M,White,Initial,SMCAD,2019,6,84
677,SMCAD2019_6,3,Urban,F,White,Initial,SMCAD,2019,6,108
678,SMCAD2019_6,6,Urban,F,Hispanic,Initial,SMCAD,2019,6,116
679,SMCAD2019_6,1,Urban,F,Hispanic,Initial,SMCAD,2019,6,120
680,SMCAD2019_6,7,Urban,F,Hispanic,Initial,SMCAD,2019,6,148
681,SMCAD2019_6,7,Rural,F,Asian/Pacific Islander,Initial,SMCAD,2019,6,152
682,SMCAD2019_6,3,Urban,F,White,Initial,SMCAD,2019,6,206
683,SMCAD2019_6,7,Urban,F,Hispanic,Initial,SMCAD,2019,6,211
684,SMCAD2019_6,11,Urban,M,White,Initial,SMCAD,2019,6,225
685,SMCAD2019_6,6,Urban,F,Black,Initial,SMCAD,2019,6,274
686,SMCAD2019_6,5,Urban,M,White,Initial,SMCAD,2019,6,275
687,SMCAD2019_6,7,Urban,F,White,Initial,SMCAD,2019,6,305
688,SMCAD2019_6,7,Urban,F,Hispanic,Initial,SMCAD,2019,6,328
689,SMCAD2019_6,6,Urban,M,Hispanic,Initial,SMCAD,2019,6,331
690,SMCAD2019_6,7,Urban,F,White,Initial,SMCAD,2019,6,355
691,SMCAD2019_6,8,Urban,F,Hispanic,Initial,SMCAD,2019,6,358
692,SMCAD2019_6,3,Urban,F,White,Initial,SMCAD,2019,6,371
693,SMCAD2019_6,2,Urban,M,White,Initial,SMCAD,2019,6,393
694,SMCAD2019_6,6,Urban,M,Black,Initial,SMCAD,2019,6,412
695,SMCAD2019_6,3,Urban,M,White,Initial,SMCAD,2019,6,431
696,SMCAD2019_6,7,Urban,M,White,Initial,SMCAD,2019,6,433
697,SMCAD2019_6,6,Urban,F,Asian/Pacific Islander,Initial,SMCAD,2019,6,439
698,SMCAD2019_6,11,Urban,F,Hispanic,Initial,SMCAD,2019,6,467
699,SMCAD2019_6,2,Urban,F,Black,Initial,SMCAD,2019,6,494
700,SMCAD2019_6,3,Urban,F,Asian/Pacific Islander,Initial,SMCAD,2019,6,497
701,SMCAD2019_6,4,Urban,F,White,Initial,SMCAD,2019,6,501
702,SMCAD2019_6,3,Urban,M,White,Initial,SMCAD,2019,6,509
703,SMCAD2019_6,11,Urban,F,Hispanic,Initial,SMCAD,2019,6,542
704,SMCAD2019_6,6,Urban,F,White,Initial,SMCAD,2019,6,544
705,SMCAD2019_6,3,Urban,F,White,Initial,SMCAD,2019,6,546
706,SMCAD2019_6,6,Urban,M,White,Initial,SMCAD,2019,6,548
707,SMCAD2019_6,3,Urban,M,White,Initial,SMCAD,2019,6,562
708,SMCAD2019_6,6,Urban,M,White,Initial,SMCAD,2019,6,583
709,SMCAD2019_6,8,Urban,M,White,Initial,SMCAD,2019,6,594
710,SMCAD2019_6,6,Urban,F,White,Initial,SMCAD,2019,6,596
711,SMCAD2019_6,3,Urban,F,Black,Initial,SMCAD,2019,6,618
712,SMCAD2019_6,6,Urban,M,Other,Initial,SMCAD,2019,6,639
713,SMCAD2019_6,3,Urban,F,White,Initial,SMCAD,2019,6,650
714,SMCAD2019_6,4,Urban,F,White,Initial,SMCAD,2019,6,653
715,SMCAD2019_6,5,Urban,F,White,Initial,SMCAD,2019,6,664
716,SMCAD2019_6,3,Urban,F,White,Initial,SMCAD,2019,6,684
717,SMCAD2019_6,7,Urban,F,White,Initial,SMCAD,2019,6,697
718,SMCAD2019_6,3,Urban,F,Asian/Pacific Islander,Initial,SMCAD,2019,6,701
719,SMCAD2019_6,6,Urban,F,Black,Initial,SMCAD,2019,6,725
720,SMCAD2019_6,3,Urban,F,White,Initial,SMCAD,2019,6,730
721,SMCAD2019_6,3,Urban,F,White,Initial,SMCAD,2019,6,751
722,SMCAD2019_6,3,Urban,M,White,Initial,SMCAD,2019,6,786
723,SMCAD2019_6,6,Urban,M,Asian/Pacific Islander,Initial,SMCAD,2019,6,792
724,SMCAD2019_6,7,Urban,F,Asian/Pacific Islander,Initial,SMCAD,2019,6,795
725,SMCAD2019_6,3,Urban,F,White,Initial,SMCAD,2019,6,803
726,SMCAD2019_6,8,Urban,M,White,Initial,SMCAD,2019,6,822
727,SMCAD2019_6,3,Rural,F,Hispanic,Initial,SMCAD,2019,6,823
728,SMCAD2019_6,8,Urban,F,White,Initial,SMCAD,2019,6,826
729,SMCAD2019_6,6,Urban,F,White,Initial,SMCAD,2019,6,834
730,SMCAD2019_6,3,Urban,M,Hispanic,Initial,SMCAD,2019,6,862
731,SMCAD2019_6,7,Urban,M,Hispanic,Initial,SMCAD,2019,6,897
732,SMCAD2019_6,6,Rural,F,White,Initial,SMCAD,2019,6,908
733,SMCAD2019_6,6,Urban,M,Black,Initial,SMCAD,2019,6,931
734,SMCAD2019_6,OOS,,M,American Indian/ Alaskan Native,,SMCAD,2019,6,962
735,SMCAD2019_6,11,Urban,M,Hispanic,Initial,SMCAD,2019,6,980
736,SMCAD2019_6,6,Urban,M,White,Initial,SMCAD,2019,6,984
737,SMCAD2019_6,7,Urban,M,White,Initial,SMCAD,2019,6,1014
738,SMCAD2019_6,8,Urban,F,White,Initial,SMCAD,2019,6,1051
739,SMCAD2019_6,11,Urban,F,Hispanic,Initial,SMCAD,2019,6,1052
740,SMCAD2019_6,8,Urban,F,White,Initial,SMCAD,2019,6,1090
741,SMCAD2019_6,11,Urban,F,Hispanic,Initial,SMCAD,2019,6,1095
742,SMCAD2019_6,7,Urban,M,Hispanic,Initial,SMCAD,2019,6,1097
743,SMCAD2019_6,3,Urban,F,White,Initial,SMCAD,2019,6,1132
744,SMCAD2019_6,3,Urban,M,Hispanic,Initial,SMCAD,2019,6,1137
745,SMCAD2019_6,6,Urban,F,White,Initial,SMCAD,2019,6,1143
746,SMCAD2019_6,11,Urban,M,Other,Initial,SMCAD,2019,6,1144
747,SMCAD2019_6,4,Urban,M,White,Initial,SMCAD,2019,6,1152
748,SMCAD2019_6,6,Urban,Did Not Disclose,White,Initial,SMCAD,2019,6,1154
749,SMCAD2019_6,6,Urban,F,Black,Initial,SMCAD,2019,6,1172
750,SMCAD2019_6,3,Urban,F,White,Initial,SMCAD,2019,6,1189
751,SMCAD2019_6,6,Urban,M,White,Initial,SMCAD,2019,6,1204
752,SMCAD2019_6,3,Urban,F,Black,Initial,SMCAD,2019,6,1215
753,SMCAD2019_6,8,Urban,F,Hispanic,Initial,SMCAD,2019,6,1262
754,SMCAD2019_6,3,Urban,F,White,Initial,SMCAD,2019,6,1264
755,SMCAD2019_6,3,Rural,M,Hispanic,Initial,SMCAD,2019,6,1270
756,SMCAD2019_6,7,Urban,F,Asian/Pacific Islander,Initial,SMCAD,2019,6,1277
757,SMCAD2019_6,6,Urban,F,Black,Initial,SMCAD,2019,6,1286
758,SMCAD2019_6,4,Urban,F,White,Initial,SMCAD,2019,6,1323
759,SMCAD2019_6,7,Urban,M,White,Initial,SMCAD,2019,6,1327
760,SMCAD2019_6,7,Urban,F,White,Initial,SMCAD,2019,6,1344
761,SMCAD2019_6,6,Urban,F,Black,Initial,SMCAD,2019,6,1347
762,SMCAD2019_6,7,Urban,F,White,Initial,SMCAD,2019,6,1351
763,SMCAD2019_6,7,Urban,M,White,Initial,SMCAD,2019,6,1369
764,SMCAD2020_11,7,Urban,F,White,Initial,SMCAD,2020,11,1066
765,SMCAD2020_11,7,Urban,F,White,Renewal,SMCAD,2020,11,359
766,SMCAD2020_11,6,Urban,F,White,Initial,SMCAD,2020,11,1304
767,SMCAD2020_11,11,Urban,M,Hispanic,Initial,SMCAD,2020,11,1161
768,SMCAD2020_11,11,Urban,F,Hispanic,Initial,SMCAD,2020,11,1295
769,SMCAD2020_11,1,Suburban,M,White,Initial,SMCAD,2020,11,149
770,SMCAD2020_11,7,Suburban,F,Hispanic,Initial,SMCAD,2020,11,224
771,SMCAD2020_11,3,Suburban,F,White,Initial,SMCAD,2020,11,959
772,SMCAD2020_11,11,Rural,F,White,Initial,SMCAD,2020,11,938
773,SMCAD2020_11,6,Suburban,M,White,Initial,SMCAD,2020,11,48
774,SMCAD2020_11,8,Suburban,F,Black,Initial,SMCAD,2020,11,373
775,SMCAD2020_11,11,Urban,F,White,Initial,SMCAD,2020,11,756
776,SMCAD2020_11,3,Suburban,M,Other,Initial,SMCAD,2020,11,357
777,SMCAD2020_11,11,Suburban,M,Hispanic,Initial,SMCAD,2020,11,748
778,SMCAD2020_11,4, Rural,F,White,Initial,SMCAD,2020,11,800
779,SMCAD2020_11,3,Rural,F,White,Initial,SMCAD,2020,11,863
780,SMCAD2020_11,4,Rural,F,White,Initial,SMCAD,2020,11,1216
781,SMCAD2020_11,6,Suburban,F,Asian/Pacific Islander,Initial,SMCAD,2020,11,1339
782,SMCAD2020_11,7,Urban,F,Asian/Pacific Islander,Initial,SMCAD,2020,11,795
783,SMCAD2020_11,6,Urban,F,White,Initial,SMCAD,2020,11,833
784,SMCAD2020_11,3,Suburban,F,White,Initial,SMCAD,2020,11,360
785,SMCAD2020_11,11,Rural,F,White,Initial,SMCAD,2020,11,1044
786,SMCAD2020_11,3,Rural,F,White,Initial,SMCAD,2020,11,1145
787,SMCAD2020_11,3,Suburban,M,Black,Initial,SMCAD,2020,11,127
788,SMCAD2020_11,3,Urban,F,White,Initial,SMCAD,2020,11,691
789,SMCAD2020_11,3,Suburban,F,Black,Initial,SMCAD,2020,11,39
790,SMCAD2020_11,8,Urban,F,White,Initial,SMCAD,2020,11,170
791,SMCAD2020_11,7,Urban,M,White,Initial,SMCAD,2020,11,945
792,SMCAD2020_11,7,Urban,M,Black,Initial,SMCAD,2020,11,686
793,SMCAD2020_11,8,Urban,M,Black,Initial,SMCAD,2020,11,16
794,SMCAD2020_11,7,Suburban,F,White,Initial,SMCAD,2020,11,91
795,SMCAD2020_11,6,Urban,M,White,Initial,SMCAD,2020,11,154
796,SMCAD2020_11,7,Suburban,M,White,Initial,SMCAD,2020,11,1133
797,SMCAD2020_11,3,Rural,F,White,Initial,SMCAD,2020,11,160
798,SMCAD2020_11,2,Rural,F,White,Initial,SMCAD,2020,11,1074
799,SMCAD2020_11,8,Urban,M,Hispanic,Initial,SMCAD,2020,11,774
800,SMCAD2020_11,4,Rural,F,White,Initial,SMCAD,2020,11,71
801,SMCAD2020_11,6,Suburban,F,Black,Initial,SMCAD,2020,11,404
802,SMCAD2020_11,8,Urban,F,White,Initial,SMCAD,2020,11,52
803,SMCAD2020_11,6,Suburban,M,Asian/Pacific Islander,Initial,SMCAD,2020,11,96
804,SMCAD2020_11,3,Urban,F,Black,Initial,SMCAD,2020,11,384
805,SMCAD2020_11,6,Suburban,F,Hispanic,Initial,SMCAD,2020,11,440
806,SMCAD2020_11,3,Rural,F,White,Initial,SMCAD,2020,11,546
807,SMCAD2020_11,7,Suburban,F,Asian/Pacific Islander,Initial,SMCAD,2020,11,645
808,SMCAD2020_11,3,Suburban,M,White,Initial,SMCAD,2020,11,893
809,SMCAD2020_11,4,Urban,M,White,Initial,SMCAD,2020,11,616
810,SMCAD2020_11,7,Urban,M,White,Initial,SMCAD,2020,11,514
811,SMCAD2020_11,7,Urban,F,White,Initial,SMCAD,2020,11,696
812,SMCAD2020_11,11,Urban,M,Hispanic,Initial,SMCAD,2020,11,539
813,SMCAD2020_11,6,Suburban,M,Black,Initial,SMCAD,2020,11,935
814,SMCAD2020_11,3,Suburban,F,Black,Initial,SMCAD,2020,11,918
815,SMCAD2020_11,7,Suburban,F,White,Initial,SMCAD,2020,11,1350
816,SMCAD2020_11,8,Urban,F,White,Initial,SMCAD,2020,11,1089
817,SMCAD2020_11,10,Urban,F,Hispanic,Initial,SMCAD,2020,11,999
818,SMCAD2020_11,11,Urban,M,Hispanic,Initial,SMCAD,2020,11,1139
819,SMCAD2020_11,3,Rural,F,White,Initial,SMCAD,2020,11,1378
820,SMCAD2020_11,7,Urban,F,White,Initial,SMCAD,2020,11,1091
821,SMCAD2020_11,2,Rural,F,White,Initial,SMCAD,2020,11,720
822,SMCAD2020_11,9,Urban,F,Black,Initial,SMCAD,2020,11,777
823,SMCAD2020_10,7,Urban,F,White,Initial,SMCAD,2020,10,1066
824,SMCAD2020_10,7,Urban,F,White,Renewal,SMCAD,2020,10,359
825,SMCAD2020_10,6,Urban,F,White,Initial,SMCAD,2020,10,1304
826,SMCAD2020_10,11,Urban,M,Hispanic,Initial,SMCAD,2020,10,1161
827,SMCAD2020_10,11,Urban,F,Hispanic,Initial,SMCAD,2020,10,1295
828,SMCAD2020_10,1,Suburban,M,White,Initial,SMCAD,2020,10,149
829,SMCAD2020_10,3,Suburban,F,White,Initial,SMCAD,2020,10,959
830,SMCAD2020_10,11,Rural,F,White,Initial,SMCAD,2020,10,938
831,SMCAD2020_10,6,Suburban,M,White,Initial,SMCAD,2020,10,48
832,SMCAD2020_10,7,Suburban,F,Hispanic,Initial,SMCAD,2020,10,224
833,SMCAD2020_10,8,Suburban,F,Black,Initial,SMCAD,2020,10,373
834,SMCAD2020_10,11,Urban,F,White,Initial,SMCAD,2020,10,756
835,SMCAD2020_10,3,Suburban,M,Other,Initial,SMCAD,2020,10,357
836,SMCAD2020_10,11,Suburban,M,Hispanic,Initial,SMCAD,2020,10,748
837,SMCAD2020_10,4, Rural,F,White,Initial,SMCAD,2020,10,800
838,SMCAD2020_10,3,Rural,F,White,Initial,SMCAD,2020,10,863
839,SMCAD2020_10,4,Rural,F,White,Initial,SMCAD,2020,10,1216
840,SMCAD2020_10,6,Suburban,F,Asian/Pacific Islander,Initial,SMCAD,2020,10,1339
841,SMCAD2020_10,7,Urban,F,Asian/Pacific Islander,Initial,SMCAD,2020,10,795
842,SMCAD2020_10,6,Urban,F,White,Initial,SMCAD,2020,10,833
843,SMCAD2020_10,3,Suburban,F,White,Initial,SMCAD,2020,10,360
844,SMCAD2020_10,11,Rural,F,White,Initial,SMCAD,2020,10,1044
845,SMCAD2020_10,3,Rural,F,White,Initial,SMCAD,2020,10,1145
846,SMCAD2020_10,3,Suburban,M,Black,Initial,SMCAD,2020,10,127
847,SMCAD2020_10,3,Urban,F,White,Initial,SMCAD,2020,10,691
848,SMCAD2020_10,3,Suburban,F,Black,Initial,SMCAD,2020,10,39
849,SMCAD2020_10,8,Urban,F,White,Initial,SMCAD,2020,10,170
850,SMCAD2020_10,7,Urban,M,White,Initial,SMCAD,2020,10,945
851,SMCAD2020_10,7,Urban,M,Black,Initial,SMCAD,2020,10,686
852,SMCAD2020_10,8,Urban,M,Black,Initial,SMCAD,2020,10,16
853,SMCAD2020_10,7,Suburban,F,White,Initial,SMCAD,2020,10,91
854,SMCAD2020_10,6,Urban,M,White,Initial,SMCAD,2020,10,154
855,SMCAD2020_10,7,Suburban,M,White,Initial,SMCAD,2020,10,1133
856,SMCAD2020_10,3,Rural,F,White,Initial,SMCAD,2020,10,160
857,SMCAD2020_10,2,Rural,F,White,Initial,SMCAD,2020,10,1074
858,SMCAD2020_10,8,Urban,M,Hispanic,Initial,SMCAD,2020,10,774
859,SMCAD2020_10,4,Rural,F,White,Initial,SMCAD,2020,10,71
860,SMCAD2020_10,6,Suburban,F,Black,Initial,SMCAD,2020,10,404
861,SMCAD2020_10,8,Urban,F,White,Initial,SMCAD,2020,10,52
862,SMCAD2020_10,6,Suburban,M,Asian/Pacific Islander,Initial,SMCAD,2020,10,96
863,SMCAD2020_10,3,Urban,F,Black,Initial,SMCAD,2020,10,384
864,SMCAD2020_10,6,Suburban,F,Hispanic,Initial,SMCAD,2020,10,440
865,SMCAD2020_10,3,Rural,F,White,Initial,SMCAD,2020,10,546
866,SMCAD2020_10,7,Suburban,F,Asian/Pacific Islander,Initial,SMCAD,2020,10,645
867,SMCAD2020_10,3,Suburban,M,White,Initial,SMCAD,2020,10,893
868,SMCAD2020_10,4,Urban,M,White,Initial,SMCAD,2020,10,616
869,SMCAD2020_10,7,Urban,M,White,Initial,SMCAD,2020,10,514
870,SMCAD2020_10,7,Urban,F,White,Initial,SMCAD,2020,10,696
871,SMCAD2020_10,11,Urban,M,Hispanic,Initial,SMCAD,2020,10,539
872,SMCAD2020_10,6,Suburban,M,Black,Initial,SMCAD,2020,10,935
873,SMCAD2020_10,3,Suburban,F,Black,Initial,SMCAD,2020,10,918
874,SMCAD2020_10,7,Suburban,F,White,Initial,SMCAD,2020,10,1350
875,SMCAD2020_10,8,Urban,F,White,Initial,SMCAD,2020,10,1089
876,SMCAD2020_10,10,Urban,F,Hispanic,Initial,SMCAD,2020,10,999
877,SMCAD2020_10,11,Urban,M,Hispanic,Initial,SMCAD,2020,10,1139
878,SMCAD2020_10,3,Rrual,F,White,Initial,SMCAD,2020,10,1378
879,SMCAD2020_10,7,Urban,F,White,Initial,SMCAD,2020,10,1091
880,SMCAD2020_10,2,Rrual,F,White,Initial,SMCAD,2020,10,720
881,SMCAD2020_10,9,Urban,F,Black,Initial,SMCAD,2020,10,777
882,SMCAD2019_9,10,Urban,M,Hispanic,Initial,SMCAD,2019,9,79
883,SMCAD2019_9,4,Rural,M,Hispanic,Initial,SMCAD,2019,9,295
884,SMCAD2019_9,6,Urban,F,Black,Initial,SMCAD,2019,9,302
885,SMCAD2019_9,11,Urban,F,Hispanic,Initial,SMCAD,2019,9,464
886,SMCAD2019_9,3,Suburban,M,White,Initial,SMCAD,2019,9,516
887,SMCAD2019_9,8,Urban,M,Asian/Pacific Islander,Initial,SMCAD,2019,9,683
888,SMCAD2019_9,6,Urban,F,White,Initial,SMCAD,2019,9,855
889,SMCAD2019_9,10,Urban,M,Hispanic,Initial,SMCAD,2019,9,1299
890,SMCAD2019_9,1,Urban,F,White,Initial,SMCAD,2019,9,335
891,SMCAD2019_9,11,Urban,F,Hispanic,Initial,SMCAD,2019,9,449
892,SMCAD2019_9,4,Urban,M,White,Initial,SMCAD,2019,9,616
893,SMCAD2019_9,7,Urban,M,White,Initial,SMCAD,2019,9,969
894,SMCAD2019_9,3,Suburban,M,White,Initial,SMCAD,2019,9,1080
895,SMCAD2019_9,11,Urban,F,White,Initial,SMCAD,2019,9,1332
896,SMCAD2019_9,6,Urban,F,Black,Initial,SMCAD,2019,9,28
897,SMCAD2019_9,10,Urban,F,White,Initial,SMCAD,2019,9,71
898,SMCAD2019_9,,,F,Black,Initial,SMCAD,2019,9,132
899,SMCAD2019_9,7,Urban,F,Other,Initial,SMCAD,2019,9,133
900,SMCAD2019_9,6,Urban,F,White,Initial,SMCAD,2019,9,134
901,SMCAD2019_9,7,Urban,F,White,Initial,SMCAD,2019,9,138
902,SMCAD2019_9,6,Suburban,M,White,Initial,SMCAD,2019,9,186
903,SMCAD2019_9,8,Urban,M,Asian/Pacific Islander,Initial,SMCAD,2019,9,244
904,SMCAD2019_9,10,Urban,F,Hispanic,Initial,SMCAD,2019,9,262
905,SMCAD2019_9,6,Urban,F,Black,Initial,SMCAD,2019,9,337
906,SMCAD2019_9,6,Urban,F,Hispanic,Initial,SMCAD,2019,9,387
907,SMCAD2019_9,6,Urban,F,Asian/Pacific Islander,Initial,SMCAD,2019,9,461
908,SMCAD2019_9,3,Suburban,M,White,Initial,SMCAD,2019,9,486
909,SMCAD2019_9,,,F,White,Initial,SMCAD,2019,9,492
910,SMCAD2019_9,3,Urban,F,White,Initial,SMCAD,2019,9,495
911,SMCAD2019_9,11,Rural,F,Hispanic,Initial,SMCAD,2019,9,529
912,SMCAD2019_9,10,Rural,M,Black,Initial,SMCAD,2019,9,598
913,SMCAD2019_9,6,Urban,F,Black,Initial,SMCAD,2019,9,608
914,SMCAD2019_9,5,Rural,F,Black,Initial,SMCAD,2019,9,615
915,SMCAD2019_9,7,Urban,M,White,Initial,SMCAD,2019,9,702
916,SMCAD2019_9,6,Urban,M,Asian/Pacific Islander,Initial,SMCAD,2019,9,706
917,SMCAD2019_9,8,Suburban,M,White,Initial,SMCAD,2019,9,732
918,SMCAD2019_9,8,Rural,F,Hispanic,Initial,SMCAD,2019,9,735
919,SMCAD2019_9,11,Urban,F,Hispanic,Initial,SMCAD,2019,9,775
920,SMCAD2019_9,6,Suburban,M,White,Initial,SMCAD,2019,9,816
921,SMCAD2019_9,6,Suburban,F,Black,Initial,SMCAD,2019,9,817
922,SMCAD2019_9,3,Rural,M,White,Initial,SMCAD,2019,9,864
923,SMCAD2019_9,7,Urban,F,White,Initial,SMCAD,2019,9,873
924,SMCAD2019_9,3,Urban,F,White,Initial,SMCAD,2019,9,887
925,SMCAD2019_9,11,Urban,F,Hispanic,Initial,SMCAD,2019,9,905
926,SMCAD2019_9,11,Rural,M,Hispanic,Initial,SMCAD,2019,9,979
927,SMCAD2019_9,4,Urban,F,White,Initial,SMCAD,2019,9,1007
928,SMCAD2019_9,6,Urban,M,Asian/Pacific Islander,Initial,SMCAD,2019,9,1067
929,SMCAD2019_9,3,Urban,F,Hispanic,Initial,SMCAD,2019,9,1068
930,SMCAD2019_9,6,Urban,F,White,Initial,SMCAD,2019,9,1119
931,SMCAD2019_9,3,Urban,F,White,Initial,SMCAD,2019,9,1188
932,SMCAD2019_9,6,Urban,F,Black,Initial,SMCAD,2019,9,1200
933,SMCAD2019_9,6,Suburban,M,White,Initial,SMCAD,2019,9,1203
934,SMCAD2019_9,6,Suburban,M,White,Initial,SMCAD,2019,9,1209
935,SMCAD2019_9,3,Urban,M,White,Initial,SMCAD,2019,9,1222
936,SMCAD2019_9,7,Urban,F,White,Initial,SMCAD,2019,9,1267
937,SMCAD2019_9,7,Urban,F,White,Initial,SMCAD,2019,9,1293
938,SMCAD2019_9,3,Urban,M,White,Initial,SMCAD,2019,9,1334
939,SMCAD2019_9,6,Urban,M,White,Initial,SMCAD,2019,9,1343
940,SMCAD2019_9,6,Urban,F,White,Initial,SMCAD,2019,9,1352
941,TXBI2019_6,3,Urban,M,Asian/Pacific Islander,,TXBI,2019,6,1247
942,TXBI2019_6,3,Suburban,F,Hispanic,,TXBI,2019,6,99
943,TXBI2019_6,7,Urban,F,Black,,TXBI,2019,6,265
944,TXBI2019_6,10,Urban,M,Hispanic,,TXBI,2019,6,865
945,TXBI2019_6,11,Suburban,M,Hispanic,,TXBI,2019,6,1303
946,TXBI2019_6,7,Urban,M,White,,TXBI,2019,6,878
947,TXBI2019_6,3,Suburban,F,Asian/Pacific Islander,,TXBI,2019,6,673
948,TXBI2019_6,1,Urban,M,White,,TXBI,2019,6,163
949,TXBI2019_6,6,Rural,F,White,,TXBI,2019,6,672
950,TXBI2019_6,3,Rural,F,White,,TXBI,2019,6,193
951,TXBI2019_6,3,Urban,F,White,,TXBI,2019,6,885
952,TXBI2019_6,7,Urban,F,White,,TXBI,2019,6,177
953,TXBI2019_6,6,Urban,M,White,,TXBI,2019,6,1313
954,TXBI2019_6,3,Suburban,F,White,,TXBI,2019,6,20
955,TXBI2019_6,7,Urban,F,Hispanic,,TXBI,2019,6,40
956,TXBI2019_6,7,Urban,F,Hispanic,,TXBI,2019,6,41
957,TXBI2019_6,6,Urban,F,Hispanic,,TXBI,2019,6,55
958,TXBI2019_6,3,Suburban,F,White,,TXBI,2019,6,104
959,TXBI2019_6,7,Suburban,F,Hispanic,,TXBI,2019,6,135
960,TXBI2019_6,7,Urban,F,White,,TXBI,2019,6,181
961,TXBI2019_6,7,Urban,M,White,,TXBI,2019,6,182
962,TXBI2019_6,7,Suburban,M,White,,TXBI,2019,6,229
963,TXBI2019_6,3,Urban,M,White,,TXBI,2019,6,258
964,TXBI2019_6,7,Urban,F,White,,TXBI,2019,6,304
965,TXBI2019_6,7,Rural,F,Hispanic,,TXBI,2019,6,321
966,TXBI2019_6,3,Suburban,F,White,,TXBI,2019,6,333
967,TXBI2019_6,11,Urban,M,Black,,TXBI,2019,6,345
968,TXBI2019_6,3,Urban,F,White,,TXBI,2019,6,352
969,TXBI2019_6,7,Urban,Nonbinary,White,,TXBI,2019,6,460
970,TXBI2019_6,3,Urban,F,White,,TXBI,2019,6,606
971,TXBI2019_6,7,Urban,F,White,,TXBI,2019,6,660
972,TXBI2019_6,7,Rural,F,White,,TXBI,2019,6,744
973,TXBI2019_6,7,Urban,F,Black,,TXBI,2019,6,788
974,TXBI2019_6,8,Suburban,M,Hispanic,,TXBI,2019,6,830
975,TXBI2019_6,7,Suburban,F,White,,TXBI,2019,6,856
976,TXBI2019_6,7,Rural,F,Hispanic,,TXBI,2019,6,874
977,TXBI2019_6,9,Urban,F,White,,TXBI,2019,6,976
978,TXBI2019_6,7,Urban,F,White,,TXBI,2019,6,1072
979,TXBI2019_6,3,Suburban,F,Black,,TXBI,2019,6,1083
980,TXBI2019_6,8,Urban,F,Hispanic,,TXBI,2019,6,1127
981,TXBI2019_6,7,Urban,F,White,,TXBI,2019,6,1147
982,TXBI2019_6,10,Urban,F,Asian/Pacific Islander,,TXBI,2019,6,1174
983,TXBI2019_6,7,Urban,F,White,,TXBI,2019,6,1225
984,TXBI2019_6,1,Urban,F,White,,TXBI,2019,6,1233
985,TXBI2019_6,6,Suburban,F,White,,TXBI,2019,6,1263
986,TXBI2019_6,7,Urban,F,White,,TXBI,2019,6,177
987,TXBI2019_6,6,Urban,M,White,,TXBI,2019,6,1313
988,TXBI2020_5,7,Rural,F,White,Initial,TXBI,2020,5,69
989,TXBI2020_5,3,Urban,F,White,Renewal,TXBI,2020,5,421
990,TXBI2020_5,6,Rural,F,White,Initial,TXBI,2020,5,812
991,TXBI2020_5,7,Urban,F,White,Initial,TXBI,2020,5,972
992,TXBI2020_5,11,Rural,F,Hispanic,Initial,TXBI,2020,5,1024
993,TXBI2020_5,8,Suburban,F,White,Initial,TXBI,2020,5,1253
994,TXBI2020_5,4,Urban,F,White,Initial,TXBI,2020,5,367
995,TXBI2020_5,8,Urban,F,White,Initial,TXBI,2020,5,1258
996,TXBI2020_5,7,Urban,F,Other,Initial,TXBI,2020,5,403
997,TXBI2020_5,3,Suburban,F,Hispanic,Initial,TXBI,2020,5,1099
998,TXBI2020_5,7,Suburban,F,Hispanic,Initial,TXBI,2020,5,532
999,TXBI2020_5,7,Suburban,M,White,Initial,TXBI,2020,5,8
1000,TXBI2020_5,3,Suburban,M,White,Initial,TXBI,2020,5,125
1001,TXBI2020_5,3,Suburban,F,White,Initial,TXBI,2020,5,142
1002,TXBI2020_5,3,Suburban,M,White,Initial,TXBI,2020,5,159
1003,TXBI2020_5,3,Suburban,F,White,Initial,TXBI,2020,5,166
1004,TXBI2020_5,3,Urban,M,White,Initial,TXBI,2020,5,184
1005,TXBI2020_5,3,Suburban,M,Hispanic,Initial,TXBI,2020,5,235
1006,TXBI2020_5,11,Urban,M,White,Initial,TXBI,2020,5,285
1007,TXBI2020_5,3,Suburban,M,White,Initial,TXBI,2020,5,325
1008,TXBI2020_5,3,Suburban,M,White,Initial,TXBI,2020,5,361
1009,TXBI2020_5,7,Urban,F,Hispanic,Initial,TXBI,2020,5,451
1010,TXBI2020_5,11,Urban,F,Hispanic,Initial,TXBI,2020,5,469
1011,TXBI2020_5,6,Urban,F,White,Initial,TXBI,2020,5,510
1012,TXBI2020_5,3,Suburban,F,White,Initial,TXBI,2020,5,513
1013,TXBI2020_5,3,Suburban,M,White,Initial,TXBI,2020,5,630
1014,TXBI2020_5,7,Urban,F,Black,Initial,TXBI,2020,5,789
1015,TXBI2020_5,11,Urban,M,White,Initial,TXBI,2020,5,839
1016,TXBI2020_5,7,Suburban,F,White,Initial,TXBI,2020,5,848
1017,TXBI2020_5,3,Urban,F,White,Initial,TXBI,2020,5,886
1018,TXBI2020_5,10,Urban,F,White,Initial,TXBI,2020,5,981
1019,TXBI2020_5,6,Suburban,M,White,Initial,TXBI,2020,5,1005
1020,TXBI2020_5,3,Suburban,M,White,Initial,TXBI,2020,5,1129
1021,TXBI2020_5,3,Suburban,F,White,Initial,TXBI,2020,5,1171
1022,TXBI2020_5,3,Suburban,F,Black,Initial,TXBI,2020,5,1211
1023,TXBI2020_5,6,Suburban,F,White,Initial,TXBI,2020,5,1234
1024,TXBI2020_5,8,Suburban,M,White,Initial,TXBI,2020,5,1236
1025,TXBI2020_5,3,Suburban,F,Other,Initial,TXBI,2020,5,1269
1026,BEI2021_2,3,Suburban,M,Black,,BEI,2021,2,128
1027,BEI2021_2,11,Suburban,M,Hispanic,,BEI,2021,2,203
1028,BEI2021_2,7,Urban,F,White,,BEI,2021,2,465
1029,BEI2021_2,5,Rural,F,White,,BEI,2021,2,579
1030,BEI2021_2,5,Urban,F,White,,BEI,2021,2,869
1031,BEI2021_2,4,Rural,M,Other,,BEI,2021,2,921
1032,BEI2021_2,6,Suburban,M,White,,BEI,2021,2,1013
1033,BEI2021_2,8,Urban,F,White,,BEI,2021,2,1062
1034,BEI2021_2,7,Suburban,F,White,,BEI,2021,2,1085
1035,BEI2021_2,6,Rural,M,White,,BEI,2021,2,1249
1036,BEI2021_2,7,Rural,F,White,,BEI,2021,2,1273
1037,BEI2021_2,7,Rural,F,White,,BEI,2021,2,1290
1038,BEI2021_2,1,Urban,F,White,,BEI,2021,2,1380
1039,HHSCEX2019_2,6,Urban,M,Asian/Pacific Islander,,HHSCEX,2019,2,793
1040,HHSCEX2019_2,3,Urban,F,Hispanic,,HHSCEX,2019,2,310
1041,HHSCEX2019_2,3,Urban,F,Black,,HHSCEX,2019,2,323
1042,HHSCEX2019_2,11,Urban,M,Hispanic,,HHSCEX,2019,2,666
1043,HHSCEX2019_2,7,Urban,F,White,,HHSCEX,2019,2,164
1044,HHSCEX2019_2,6,Urban,F,Other,,HHSCEX,2019,2,354
1045,HHSCEX2019_2,10,Urban,F,Hispanic,,HHSCEX,2019,2,768
1046,HHSCEX2019_2,10,Urban,F,Hispanic,,HHSCEX,2019,2,733
1047,HHSCEX2019_2,6,Urban,F,Black,,HHSCEX,2019,2,954
1048,HHSCEX2019_2,8,Urban,F,White,,HHSCEX,2019,2,271
1049,HHSCEX2019_2,1,Urban,F,White,,HHSCEX,2019,2,914
1050,HHSCEX2019_2,6,Urban,F,Asian/Pacific Islander,,HHSCEX,2019,2,1227
1051,HHSCEX2019_2,10,Urban,F,Hispanic,,HHSCEX,2019,2,4
1052,HHSCEX2019_2,3,Urban,F,White,,HHSCEX,2019,2,1376
1053,HHSCEX2019_2,3,Rural,M,White,,HHSCEX,2019,2,1102
1054,HHSCEX2019_2,8,Urban,M,Hispanic,,HHSCEX,2019,2,2
1055,HHSCEX2019_2,11,Urban,M,Hispanic,,HHSCEX,2019,2,202
1056,HHSCEX2019_2,6,Urban,F,Black,,HHSCEX,2019,2,366
1057,HHSCEX2019_2,4,Urban,M,White,,HHSCEX,2019,2,623
1058,HHSCEX2019_2,6,Urban,F,Black,,HHSCEX,2019,2,350
1059,HHSCEX2019_2,6,Urban,F,White,,HHSCEX,2019,2,1207
1060,HHSCEX2019_2,4,Rural,M,White,,HHSCEX,2019,2,554
1061,HHSCEX2019_2,6,Urban,F,Hispanic,,HHSCEX,2019,2,113
1062,HHSCEX2019_2,3,Urban,M,Black,,HHSCEX,2019,2,172
1063,HHSCEX2019_2,6,Urban,F,Hispanic,,HHSCEX,2019,2,876
1064,HHSCEX2019_2,2,Urban,F,White,,HHSCEX,2019,2,975
1065,HHSCEX2019_2,3,Urban,M,Hispanic,,HHSCEX,2019,2,1123
1066,HHSCEX2019_2,11,Urban,F,Hispanic,,HHSCEX,2019,2,1370
1067,HHSCEX2019_2,3,Urban,M,Asian/Pacific Islander,,HHSCEX,2019,2,1124
1068,HHSCEX2019_2,11,Urban,M,Hispanic,,HHSCEX,2019,2,372
1069,HHSCEX2019_2,11,,F,Hispanic,,HHSCEX,2019,2,234
1070,HHSCEX2019_2,6,Urban,F,Asian/Pacific Islander,,HHSCEX,2019,2,238
1071,HHSCEX2019_2,7,Urban,M,White,,HHSCEX,2019,2,703
1072,HHSCEX2019_2,10,Urban,M,Hispanic,,HHSCEX,2019,2,0
1073,HHSCEX2019_2,3,Rural,M,White,,HHSCEX,2019,2,907
1074,HHSCEX2019_2,3,Urban,M,White,,HHSCEX,2019,2,1023
1075,HHSCEX2019_2,3,Urban,M,White,,HHSCEX,2019,2,1000
1076,HHSCEX2019_2,8,Urban,F,Hispanic,,HHSCEX,2019,2,447
1077,HHSCEX2019_2,6,Urban,F,Black,,HHSCEX,2019,2,377
1078,HHSCEX2019_2,11,Urban,F,White,,HHSCEX,2019,2,489
1079,HHSCEX2019_2,6,Urban,F,White,,HHSCEX,2019,2,1155
1080,HHSCEX2019_2,1,Urban,F,White,,HHSCEX,2019,2,595
1081,HHSCEX2019_2,3,Urban,F,White,,HHSCEX,2019,2,1223
1082,HHSCEX2019_2,6,Urban,M,White,,HHSCEX,2019,2,289
1083,HHSCEX2019_2,3,Urban,Did Not Disclose,Other,,HHSCEX,2019,2,729
1084,HHSCEX2019_2,6,Urban,F,White,,HHSCEX,2019,2,590
1085,HHSCEX2019_2,3,Urban,M,White,,HHSCEX,2019,2,675
1086,HHSCEX2019_2,11,Urban,M,Hispanic,,HHSCEX,2019,2,5
1087,HHSCEX2019_2,11,Urban,M,Asian/Pacific Islander,,HHSCEX,2019,2,859
1088,HHSCEX2019_2,3,Rural,F,White,,HHSCEX,2019,2,374
1089,HHSCEX2019_2,7,Urban,F,Other,,HHSCEX,2019,2,568
1090,HHSCEX2019_2,6,Urban,M,White,,HHSCEX,2019,2,1045
1091,HHSCEX2019_2,3,Urban,F,Black,,HHSCEX,2019,2,296
1092,HHSCEX2019_2,8,Urban,F,Hispanic,,HHSCEX,2019,2,334
1093,HHSCEX2019_2,11,Urban,F,White,,HHSCEX,2019,2,791
1094,HHSCEX2019_2,6,Urban,M,White,,HHSCEX,2019,2,1308
1095,HHSCEX2019_2,8,Urban,M,White,,HHSCEX,2019,2,674
1096,HHSCEX2019_2,8,Urban,F,White,,HHSCEX,2019,2,1092
1097,HHSCEX2019_2,11,Urban,F,Asian/Pacific Islander,,HHSCEX,2019,2,6
1098,HHSCEX2019_2,3,Urban,F,White,,HHSCEX,2019,2,882
1099,HHSCEX2019_2,7,Urban,F,White,,HHSCEX,2019,2,378
1100,HHSCEX2019_2,7,Rural,F,White,,HHSCEX,2019,2,1175
1101,HHSCEX2019_2,3,Urban,F,Hispanic,,HHSCEX,2019,2,1
1102,HHSCEX2019_2,3,Urban,F,White,,HHSCEX,2019,2,571
1103,HHSCEX2019_2,6,Urban,F,White,,HHSCEX,2019,2,584
1104,HHSCEX2019_2,3,Urban,M,White,,HHSCEX,2019,2,1064
1105,HHSCEX2019_2,3,Urban,M,White,,HHSCEX,2019,2,1382
1106,HHSCEX2019_2,3,Urban,F,White,,HHSCEX,2019,2,410
1107,HHSCEX2019_2,7,Urban,F,White,,HHSCEX,2019,2,534
1108,HHSCEX2019_2,6,Urban,F,White,,HHSCEX,2019,2,1094
1109,HHSCEX2019_2,3,Urban,F,Black,,HHSCEX,2019,2,297
1110,HHSCEX2019_2,8,Urban,M,Asian/Pacific Islander,,HHSCEX,2019,2,968
1111,HHSCEX2019_2,10,Urban,M,White,,HHSCEX,2019,2,83
1112,HHSCEX2019_2,7,Rural,F,White,,HHSCEX,2019,2,614
1113,HHSCEX2019_2,7,Urban,F,Other,,HHSCEX,2019,2,1193
1114,HHSCEX2019_2,1,Rural,M,White,,HHSCEX,2019,2,1387
1115,HHSCEX2019_2,7,Urban,F,White,,HHSCEX,2019,2,288
1116,HHSCEX2019_2,8,Urban,F,Hispanic,,HHSCEX,2019,2,1035
1117,HHSCEX2019_2,43657,Urban,F,Hispanic,,HHSCEX,2019,2,3
1118,HHSCEX2019_2,8,Urban,M,Hispanic,,HHSCEX,2019,2,233
1119,HHSCEX2019_2,3,Urban,M,White,,HHSCEX,2019,2,625
1120,HHSCEX2019_2,6,Urban,F,Hispanic,,HHSCEX,2019,2,395
1121,HHSCEX2019_2,6,Urban,M,White,,HHSCEX,2019,2,667
1122,HHSCEX2019_2,6,Urban,M,Hispanic,,HHSCEX,2019,2,1197
1123,HHSCEX2019_2,3,Urban,M,White,,HHSCEX,2019,2,611
1124,HHSCEX2019_2,10,Urban,M,Hispanic,,HHSCEX,2019,2,1049
1125,HHSCEX2019_2,7,,F,Hispanic,,HHSCEX,2019,2,341
1126,HHSCEX2019_2,9,Urban,M,White,,HHSCEX,2019,2,572
1127,HHSCEX2019_2,3,Urban,F,Black,,HHSCEX,2019,2,248
1128,HHSCEX2019_2,4,Urban,F,White,,HHSCEX,2019,2,1309
1129,HHSCEX2019_2,8,Urban,M,White,,HHSCEX,2019,2,364
1130,HHSCEX2019_2,6,Urban,F,Black,,HHSCEX,2019,2,785
1131,HHSCEX2019_2,3,Urban,M,Asian/Pacific Islander,,HHSCEX,2019,2,82
1132,HHSCEX2019_2,1,Urban,F,Hispanic,,HHSCEX,2019,2,220
1133,HHSCEX2019_2,6,Urban,M,White,,HHSCEX,2019,2,290
1134,HHSCEX2019_2,6,Urban,M,White,,HHSCEX,2019,2,191
1135,HHSCEX2019_2,3,Urban,F,White,,HHSCEX,2019,2,293
1136,HHSCEX2019_2,3,Urban,F,Black,,HHSCEX,2019,2,1358
1137,HHSCEX2019_2,3,Urban,F,Black,,HHSCEX,2019,2,1342
1138,HHSCEX2019_2,11,Urban,F,Hispanic,,HHSCEX,2019,2,1136
1139,HHSCEX2019_2,11,Urban,F,White,,HHSCEX,2019,2,343
1140,HHSCEX2019_2,7,Urban,M,White,,HHSCEX,2019,2,1059
1141,HHSCEX2019_2,10,Urban,M,Hispanic,,HHSCEX,2019,2,80
1142,HHSCEX2019_2,6,Urban,F,White,,HHSCEX,2019,2,1003
1143,HHSCEX2019_2,8,Urban,M,Asian/Pacific Islander,,HHSCEX,2019,2,868
1144,HYPR2020_12,2,Rural,M,White,,HYPR,2020,12,101
1145,HYPR2020_12,1,Rural ,M,White,,HYPR,2020,12,149
1146,HYPR2020_12,7,Rural ,M,White,,HYPR,2020,12,190
1147,HYPR2020_12,2,Rural,M,White,,HYPR,2020,12,392
1148,HYPR2020_12,8,Rural ,M,White,,HYPR,2020,12,414
1149,HYPR2020_12,7,Urban,M,White,,HYPR,2020,12,522
1150,HYPR2020_12,7,Urban,M,White,,HYPR,2020,12,995
1151,HYPR2020_12,9,Rural,M,Hispanic,,HYPR,2020,12,1032
1152,HYPR2020_12,3,Rural,M,White,,HYPR,2020,12,1157
1153,HYPR2020_12,8,Urban,Did Not Disclose,Asian/Pacific Islander,,HYPR,2020,12,1238
1154,HYPR2020_12,7,Rural,Did Not Disclose,White,,HYPR,2020,12,1310
1155,LTCF2020_9,7,Suburban,M,White,,LTCF,2020,9,891
1156,LTCF2020_9,2,Urban,F,White,,LTCF,2020,9,67
1157,LTCF2020_9,2,Urban,F,White,,LTCF,2020,9,95
1158,LTCF2020_9,8,Urban,M,White,,LTCF,2020,9,185
1159,LTCF2020_9,8,Urban,M,White,,LTCF,2020,9,281
1160,LTCF2020_9,6,Urban,F,Black,,LTCF,2020,9,308
1161,LTCF2020_9,6,Suburban,M,White,,LTCF,2020,9,413
1162,LTCF2020_9,7,Urban,F,White,,LTCF,2020,9,426
1163,LTCF2020_9,OOS,Urban,M,White,,LTCF,2020,9,432
1164,LTCF2020_9,5,Rural,M,White,,LTCF,2020,9,498
1165,LTCF2020_9,3,Urban,M,White,,LTCF,2020,9,504
1166,LTCF2020_9,7,Urban,F,White,,LTCF,2020,9,515
1167,LTCF2020_9,3,Suburban,F,White,,LTCF,2020,9,603
1168,LTCF2020_9,7,Urban,M,White,,LTCF,2020,9,663
1169,LTCF2020_9,8,Urban,M,White,,LTCF,2020,9,708
1170,LTCF2020_9,7,Suburban,M,White,,LTCF,2020,9,711
1171,LTCF2020_9,11,Suburban,M,Hispanic,,LTCF,2020,9,749
1172,LTCF2020_9,3,Urban,M,White,,LTCF,2020,9,772
1173,LTCF2020_9,3,Suburban,M,White,,LTCF,2020,9,847
1174,LTCF2020_9,11,Urban,M,Hispanic,,LTCF,2020,9,924
1175,LTCF2020_9,3,Suburban,M,Black,,LTCF,2020,9,930
1176,LTCF2020_9,6,Suburban,F,Black,,LTCF,2020,9,961
1177,LTCF2020_9,8,Suburban,F,White,,LTCF,2020,9,987
1178,LTCF2020_9,3,Rural,F,White,,LTCF,2020,9,989
1179,LTCF2020_9,3,Suburban,M,White,,LTCF,2020,9,1018
1180,LTCF2020_9,8,Suburban,F,White,,LTCF,2020,9,1027
1181,LTCF2020_9,8,Suburban,F,White,,LTCF,2020,9,1042
1182,LTCF2020_9,3,Urban,M,White,,LTCF,2020,9,1046
1183,LTCF2020_9,3,Suburban,M,White,,LTCF,2020,9,1063
1184,LTCF2020_9,3,Urban,F,White,,LTCF,2020,9,1110
1185,LTCF2020_9,3,Urban,F,Hispanic,,LTCF,2020,9,1142
1186,LTCF2020_9,2,Rural,F,White,,LTCF,2020,9,1180
1187,LTCF2020_9,7,Urban,F,White,,LTCF,2020,9,1248
1188,LTCF2020_9,7,Urban,M,White,,LTCF,2020,9,1385
1189,MEDCARE2018_5,11,,M,Black,,MEDCARE,2018,5,569
1190,MEDCARE2018_5,3,,M,White,,MEDCARE,2018,5,591
1191,MEDCARE2018_5,6,,F,White,,MEDCARE,2018,5,399
1192,MEDCARE2018_5,7,,F,White,,MEDCARE,2018,5,636
1193,MEDCARE2018_5,6,,F,Black,,MEDCARE,2018,5,739
1194,MEDCARE2018_5,7,,F,Black,,MEDCARE,2018,5,915
1195,MEDCARE2018_5,7,,M,Hispanic,,MEDCARE,2018,5,1057
1196,MEDCARE2018_5,6,,M,Black,,MEDCARE,2018,5,1075
1197,MEDCARE2018_5,3,,F,White,,MEDCARE,2018,5,1169
1198,MEDCARE2018_5,3,,M,White,,MEDCARE,2018,5,765
1199,MEDCARE2018_5,6,,F,White,,MEDCARE,2018,5,1122
1200,MEDCARE2018_5,8,,F,Hispanic,,MEDCARE,2018,5,316
1201,MEDCARE2018_5,6,,F,Black,,MEDCARE,2018,5,737
1202,MEDCARE2018_5,7,,F,Hispanic,,MEDCARE,2018,5,43
1203,MEDCARE2018_5,8,,F,Black,,MEDCARE,2018,5,51
1204,MEDCARE2018_5,9,,F,White,,MEDCARE,2018,5,1220
1205,MEDCARE2018_5,8,,M,Asian/Pacific Islander,,MEDCARE,2018,5,435
1206,MEDCARE2018_5,7,,M,White,,MEDCARE,2018,5,348
1207,MEDCARE2018_5,1,,F,White,,MEDCARE,2018,5,1166
1208,MHSAD2019_7,3,Suburban,F,Other,,MHSAD,2019,7,61
1209,MHSAD2019_7,7,Rural,F,White,,MHSAD,2019,7,107
1210,MHSAD2019_7,3,Urban,M,White,,MHSAD,2019,7,249
1211,MHSAD2019_7,6,Rural,F,Hispanic,,MHSAD,2019,7,448
1212,MHSAD2019_7,3,Suburban,M,Black,,MHSAD,2019,7,502
1213,MHSAD2019_7,1,Urban,M,White,,MHSAD,2019,7,552
1214,MHSAD2019_7,7,Urban,M,White,,MHSAD,2019,7,558
1215,MHSAD2019_7,3,Suburban,F,Black,,MHSAD,2019,7,570
1216,MHSAD2019_7,5,Urban,M,White,,MHSAD,2019,7,647
1217,MHSAD2019_7,7,Rural,F,White,,MHSAD,2019,7,680
1218,MHSAD2019_7,8,Urban,M,White,,MHSAD,2019,7,861
1219,MHSAD2019_7,6,Suburban,F,White,,MHSAD,2019,7,909
1220,MHSAD2019_7,7,Suburban,M,Black,,MHSAD,2019,7,977
1221,MHSAD2019_7,7,Urban,F,White,,MHSAD,2019,7,1029
1222,MHSAD2019_7,7,Suburban,F,White,,MHSAD,2019,7,1053
1223,MHSAD2019_7,9,Urban,M,Hispanic,,MHSAD,2019,7,1117
1224,MHSAD2019_7,7,Urban,F,White,,MHSAD,2019,7,1243
1225,MHSAD2019_7,8,Urban,M,Hispanic,,MHSAD,2019,7,1254
1226,MHSAD2019_7,3,Suburban,M,White,,MHSAD,2019,7,1291
1227,MHSAD2019_7,5,Urban,M,White,,MHSAD,2019,7,1331
1228,MHSAD2019_7,3,Suburban,F,Black,,MHSAD,2019,7,1363
1229,NURPY2020_7,2,Urban,F,White,,NURPY,2020,7,67
1230,NURPY2020_7,OOS,,M,White,,NURPY,2020,7,157
1231,NURPY2020_7,3,Urban,F,White,,NURPY,2020,7,167
1232,NURPY2020_7,8,Suburban,F,Hispanic,,NURPY,2020,7,218
1233,NURPY2020_7,7,Suburban,F,Asian/Pacific Islander,,NURPY,2020,7,242
1234,NURPY2020_7,6,Suburban,M,White,,NURPY,2020,7,298
1235,NURPY2020_7,8,Rural,M,White,,NURPY,2020,7,318
1236,NURPY2020_7,6,Suburban,M,Asian/Pacific Islander,,NURPY,2020,7,330
1237,NURPY2020_7,7,Urban,F,White,,NURPY,2020,7,353
1238,NURPY2020_7,7,Urban,F,White,,NURPY,2020,7,426
1239,NURPY2020_7,3,Suburban,F,White,,NURPY,2020,7,508
1240,NURPY2020_7,3,Urban,F,White,,NURPY,2020,7,556
1241,NURPY2020_7,4,Rural,F,White,,NURPY,2020,7,613
1242,NURPY2020_7,6,Urban,M,White,,NURPY,2020,7,635
1243,NURPY2020_7,3,Rural,M,White,,NURPY,2020,7,655
1244,NURPY2020_7,2,Rural,F,White,,NURPY,2020,7,709
1245,NURPY2020_7,3,Urban,M,White,,NURPY,2020,7,772
1246,NURPY2020_7,3,Rural,F,White,,NURPY,2020,7,810
1247,NURPY2020_7,7,Suburban,F,White,,NURPY,2020,7,840
1248,NURPY2020_7,6,Suburban,F,Other,,NURPY,2020,7,845
1249,NURPY2020_7,7,Rural,M,White,,NURPY,2020,7,852
1250,NURPY2020_7,3,Suburban,F,White,,NURPY,2020,7,854
1251,NURPY2020_7,3,Suburban,M,Hispanic,,NURPY,2020,7,958
1252,NURPY2020_7,7,Rural,F,White,,NURPY,2020,7,1004
1253,NURPY2020_7,3,Urban,F,White,,NURPY,2020,7,1078
1254,NURPY2020_7,7,Urban,F,White,,NURPY,2020,7,1103
1255,NURPY2020_7,3,Urban,F,White,,NURPY,2020,7,1104
1256,NURPY2020_7,7,Rural,M,White,,NURPY,2020,7,1114
1257,NURPY2020_7,7,Urban,F,White,,NURPY,2020,7,1190
1258,NURPY2020_7,6,Suburban,M,White,,NURPY,2020,7,1282
1259,NURPY2020_7,7,Rural,M,White,,NURPY,2020,7,1324
1260,PALCAR2021_3,3,Suburban,F,Black,,PALCAR,2021,3,158
1261,PALCAR2021_3,4,Urban,F,White,,PALCAR,2021,3,222
1262,PALCAR2021_3,6,Suburban,M,White,,PALCAR,2021,3,351
1263,PALCAR2021_3,6,Urban,F,Black,,PALCAR,2021,3,523
1264,PALCAR2021_3,3,Rural,F,White,,PALCAR,2021,3,577
1265,PALCAR2021_3,1,Rural,F,White,,PALCAR,2021,3,656
1266,PALCAR2021_3,8,Suburban,F,Hispanic,,PALCAR,2021,3,982
1267,PALCAR2021_3,11,Suburban,M,Hispanic,,PALCAR,2021,3,1230
1268,PALCAR2021_3,7,Urban,F,Asian/Pacific Islander,,PALCAR,2021,3,1379
1269,PALCAR2021_3,7,Urban,F,White,,PALCAR,2021,3,88
1270,PALCAR2021_3,6,Urban,F,White,,PALCAR,2021,3,153
1271,PALCAR2021_3,7,Urban,F,White,,PALCAR,2021,3,208
1272,PALCAR2021_3,3,Suburban,M,White,,PALCAR,2021,3,381
1273,PALCAR2021_3,3,Suburban,M,White,,PALCAR,2021,3,402
1274,PALCAR2021_3,6,Urban,F,White,,PALCAR,2021,3,589
1275,PALCAR2021_3,7,Suburban,F,White,,PALCAR,2021,3,986
1276,PALCAR2021_3,10,Urban,F,Other,,PALCAR,2021,3,65
1277,PALCAR2021_3,6,Suburban,F,Black,,PALCAR,2021,3,100
1278,PALCAR2021_3,3,Suburban,F,White,,PALCAR,2021,3,165
1279,PALCAR2021_3,7,Urban,M,Asian/Pacific Islander,,PALCAR,2021,3,294
1280,PALCAR2021_3,3,Suburban,F,White,,PALCAR,2021,3,320
1281,PALCAR2021_3,2,Rural,F,White,,PALCAR,2021,3,344
1282,PALCAR2021_3,11,Urban,M,Hispanic,,PALCAR,2021,3,453
1283,PALCAR2021_3,3,Rural,F,White,,PALCAR,2021,3,496
1284,PALCAR2021_3,3,Suburban,F,White,,PALCAR,2021,3,512
1285,PALCAR2021_3,7,Urban,F,White,,PALCAR,2021,3,649
1286,PALCAR2021_3,1,Urban,M,White,,PALCAR,2021,3,755
1287,PALCAR2021_3,3,Rural,F,Black,,PALCAR,2021,3,917
1288,PALCAR2021_3,6,Urban,F,Black,,PALCAR,2021,3,1019
1289,PALCAR2021_3,3,Suburban,F,Asian/Pacific Islander,,PALCAR,2021,3,1038
1290,PALCAR2021_3,3,Urban,F,White,,PALCAR,2021,3,1110
1291,PALCAR2021_3,11,Rural,F,Hispanic,,PALCAR,2021,3,1125
1292,PALCAR2021_3,8,Rural,F,White,,PALCAR,2021,3,1146
1293,PALCAR2021_3,4,Rural,F,White,,PALCAR,2021,3,1191
1294,PALCAR2021_3,10,Urban,F,Hispanic,,PALCAR,2021,3,1196
1295,PALCAR2021_3,6,Urban,F,Black,,PALCAR,2021,3,1252
1296,PALCAR2021_3,7,Urban,F,White,,PALCAR,2021,3,1257
1297,PALCAR2021_3,7,Urban,F,Asian/Pacific Islander,,PALCAR,2021,3,1377
1298,PCCF2020_1,6,Suburban,M,Other,,PCCF,2020,1,9
1299,PCCF2020_1,7,Urban,F,Hispanic,,PCCF,2020,1,15
1300,PCCF2020_1,3,Rural,F,Black,,PCCF,2020,1,64
1301,PCCF2020_1,6,Urban,F,Black,,PCCF,2020,1,87
1302,PCCF2020_1,3,Urban,F,White,,PCCF,2020,1,147
1303,PCCF2020_1,6,Suburban,F,White,,PCCF,2020,1,174
1304,PCCF2020_1,11,Rural,F,White,,PCCF,2020,1,175
1305,PCCF2020_1,6,Suburban,F,White,,PCCF,2020,1,176
1306,PCCF2020_1,7,Suburban,F,Hispanic,,PCCF,2020,1,194
1307,PCCF2020_1,3,Urban,F,White,,PCCF,2020,1,207
1308,PCCF2020_1,7,Urban,F,White,,PCCF,2020,1,211
1309,PCCF2020_1,3,Urban,F,White,,PCCF,2020,1,212
1310,PCCF2020_1,6,Urban,F,Hispanic,,PCCF,2020,1,226
1311,PCCF2020_1,3,Suburban,F,White,,PCCF,2020,1,230
1312,PCCF2020_1,6,Suburban,F,Black,,PCCF,2020,1,255
1313,PCCF2020_1,7,Urban,F,Black,,PCCF,2020,1,265
1314,PCCF2020_1,7,Rural,F,White,,PCCF,2020,1,273
1315,PCCF2020_1,7,Urban,F,White,,PCCF,2020,1,300
1316,PCCF2020_1,6,Suburban,F,White,,PCCF,2020,1,324
1317,PCCF2020_1,6,Suburban,F,White,,PCCF,2020,1,409
1318,PCCF2020_1,4,Urban,F,Hispanic,,PCCF,2020,1,415
1319,PCCF2020_1,6,Suburban,F,Black,,PCCF,2020,1,419
1320,PCCF2020_1,3,Urban,M,White,,PCCF,2020,1,425
1321,PCCF2020_1,7,Urban,M,White,,PCCF,2020,1,455
1322,PCCF2020_1,1,Rural,F,White,,PCCF,2020,1,473
1323,PCCF2020_1,1,Urban,F,Hispanic,,PCCF,2020,1,528
1324,PCCF2020_1,7,Urban,F,Hispanic,,PCCF,2020,1,535
1325,PCCF2020_1,1,Urban,M,White,,PCCF,2020,1,599
1326,PCCF2020_1,3,Urban,M,Black,,PCCF,2020,1,619
1327,PCCF2020_1,6,Urban,F,Black,,PCCF,2020,1,-1
1328,PCCF2020_1,8,Rural,F,White,,PCCF,2020,1,654
1329,PCCF2020_1,3,Urban,M,White,,PCCF,2020,1,678
1330,PCCF2020_1,6,Urban,F,Other,,PCCF,2020,1,717
1331,PCCF2020_1,3,Urban,M,Black,,PCCF,2020,1,723
1332,PCCF2020_1,6,Urban,F,White,,PCCF,2020,1,726
1333,PCCF2020_1,4,Suburban,F,White,,PCCF,2020,1,742
1334,PCCF2020_1,5,Suburban,M,Asian/Pacific Islander,,PCCF,2020,1,747
1335,PCCF2020_1,10,Urban,F,White,,PCCF,2020,1,771
1336,PCCF2020_1,3,Suburban,F,Black,,PCCF,2020,1,802
1337,PCCF2020_1,3,Urban,F,White,,PCCF,2020,1,814
1338,PCCF2020_1,6,Suburban,F,White,,PCCF,2020,1,820
1339,PCCF2020_1,8,Urban,M,Hispanic,,PCCF,2020,1,821
1340,PCCF2020_1,6,Urban,F,White,,PCCF,2020,1,836
1341,PCCF2020_1,6,Suburban,F,White,,PCCF,2020,1,890
1342,PCCF2020_1,11,Urban,F,Hispanic,,PCCF,2020,1,904
1343,PCCF2020_1,3,Urban,F,White,,PCCF,2020,1,916
1344,PCCF2020_1,6,Suburban,M,Black,,PCCF,2020,1,934
1345,PCCF2020_1,3,Suburban,F,White,,PCCF,2020,1,974
1346,PCCF2020_1,7,Urban,F,Hispanic,,PCCF,2020,1,992
1347,PCCF2020_1,3,Suburban,F,White,,PCCF,2020,1,1012
1348,PCCF2020_1,6,Urban,F,Black,,PCCF,2020,1,1028
1349,PCCF2020_1,6,Urban,F,White,,PCCF,2020,1,1036
1350,PCCF2020_1,6,Suburban,F,White,,PCCF,2020,1,1041
1351,PCCF2020_1,3,Rural,F,White,,PCCF,2020,1,1070
1352,PCCF2020_1,7,Urban,F,Black,,PCCF,2020,1,1071
1353,PCCF2020_1,6,Suburban,F,Black,,PCCF,2020,1,1082
1354,PCCF2020_1,4,Urban,F,White,,PCCF,2020,1,1081
1355,PCCF2020_1,3,Rural,F,White,,PCCF,2020,1,1107
1356,PCCF2020_1,6,Suburban,M,White,,PCCF,2020,1,1108
1357,PCCF2020_1,7,Suburban,M,White,,PCCF,2020,1,1133
1358,PCCF2020_1,3,Suburban,F,White,,PCCF,2020,1,1181
1359,PCCF2020_1,11,Urban,F,Black,,PCCF,2020,1,1195
1360,PCCF2020_1,3,Urban,F,White,,PCCF,2020,1,1235
1361,PCCF2020_1,7,Urban,M,White,,PCCF,2020,1,1259
1362,PCCF2020_1,7,Urban,F,Asian/Pacific Islander,,PCCF,2020,1,1268
1363,PCCF2020_1,11,Urban,F,Hispanic,,PCCF,2020,1,1283
1364,PCCF2020_1,6,Urban,F,White,,PCCF,2020,1,1305
1365,PCCF2020_1,6,Suburban,F,Black,,PCCF,2020,1,1353
1366,PCCF2020_1,4,Rural,F,Other,,PCCF,2020,1,1362
1367,PCCF2020_1,7,Suburban,F,White,,PCCF,2020,1,1384
1368,STARPLS2021_2,11,Rural,F,Hispanic,,STARPLS,2021,2,468
1369,STARPLS2021_2,6,Suburban,F,Black,,STARPLS,2021,2,646
1370,STARPLS2021_2,9,Urban,F,White,,STARPLS,2021,2,68
1371,STARPLS2021_2,8,Urban,F,Other,,STARPLS,2021,2,246
1372,STARPLS2021_2,3,Suburban,F,Black,,STARPLS,2021,2,641
1373,STARPLS2021_2,3,Rural,F,Hispanic,,STARPLS,2021,2,877
1374,STARPLS2021_2,1,Rural,F,White,,STARPLS,2021,2,1008
1375,TXCON2019_11,8,Urban,F,White,,TXCON,2019,11,70
1376,TXCON2019_11,3,Suburban,F,White,,TXCON,2019,11,98
1377,TXCON2019_11,7,Urban,M,White,,TXCON,2019,11,146
1378,TXCON2019_11,10,Urban,M,Other,,TXCON,2019,11,260
1379,TXCON2019_11,3,Suburban,F,Black,,TXCON,2019,11,306
1380,TXCON2019_11,7,Urban,F,White,,TXCON,2019,11,503
1381,TXCON2019_11,1,Suburban,M,White,,TXCON,2019,11,1050
1382,TXCON2019_11,6,Suburban,F,White,,TXCON,2019,11,1185
1383,TXCON2019_11,7,Urban,F,White,,TXCON,2019,11,272
1384,TXCON2019_11,6,Suburban,M,White,,TXCON,2019,11,291
1385,TXCON2019_11,7,Urban,F,White,,TXCON,2019,11,719
1386,TXCON2019_11,6,Suburban,F,White,,TXCON,2019,11,767
1387,TXCON2019_11,7,Urban,F,White,,TXCON,2019,11,1130
1388,TXCON2019_11,4,Rural,M,White,,TXCON,2019,11,1373
1389,TXCON2019_11,6,Suburban,M,White,,TXCON,2019,11,103
1390,TXCON2019_11,3,Suburban,M,Black,,TXCON,2019,11,110
1391,TXCON2019_11,3,Urban,F,White,,TXCON,2019,11,205
1392,TXCON2019_11,3,Urban,F,Black,,TXCON,2019,11,259
1393,TXCON2019_11,1,Urban,F,White,,TXCON,2019,11,268
1394,TXCON2019_11,8,Urban,M,Hispanic,,TXCON,2019,11,356
1395,TXCON2019_11,6,Suburban,M,Black,,TXCON,2019,11,376
1396,TXCON2019_11,11,Urban,F,White,,TXCON,2019,11,507
1397,TXCON2019_11,9,Rural,F,White,,TXCON,2019,11,547
1398,TXCON2019_11,3,Suburban,F,Black,,TXCON,2019,11,559
1399,TXCON2019_11,5,Urban,F,White,,TXCON,2019,11,592
1400,TXCON2019_11,6,Suburban,F,White,,TXCON,2019,11,770
1401,TXCON2019_11,6,Suburban,F,White,,TXCON,2019,11,881
1402,TXCON2019_11,4,Urban,M,Other,,TXCON,2019,11,910
1403,TXCON2019_11,6,Suburban,F,Black,,TXCON,2019,11,996
1404,TXCON2019_11,3,Suburban,F,Black,,TXCON,2019,11,1083
1405,TXCON2019_11,3,Suburban,F,White,,TXCON,2019,11,1111
1406,TXCON2019_11,6,Urban,F,Black,,TXCON,2019,11,1126
1407,TXCON2019_11,6,Urban,F,Black,,TXCON,2019,11,1232
1408,TXCON2019_11,3,Rural,F,Hispanic,,TXCON,2019,11,1274
1409,TXCON2019_11,11,Urban,F,Hispanic,,TXCON,2019,11,1296
1410,TXHIV2019_7,10,Urban,M,Black,,TXHIV,2019,7,31
1411,TXHIV2019_7,7,Urban,F,Hispanic,,TXHIV,2019,7,346
1412,TXHIV2019_7,6,Urban,M,Other,,TXHIV,2019,7,637
1413,TXHIV2019_7,6,Suburban,M,White,,TXHIV,2019,7,640
1414,TXHIV2019_7,3,Urban,F,Hispanic,,TXHIV,2019,7,699
1415,TXHIV2019_7,6,Urban,F,White,,TXHIV,2019,7,1292
1416,TXHIV2019_7,11,Metro,F,Hispanic,,TXHIV,2019,7,780
1417,TXHIV2019_7,3,Urban,M,White,,TXHIV,2019,7,111
1418,TXHIV2019_7,3,Urban,M,Black,,TXHIV,2019,7,540
1419,TXHIV2019_7,7,Suburban,F,Black,,TXHIV,2019,7,763
1420,TXHIV2019_7,6,Urban,F,Black,,TXHIV,2019,7,950
1421,TXHIV2019_7,8,Urban,M,Hispanic,,TXHIV,2019,7,-1
1422,TXHIV2019_7,6,Urban,M,White,,TXHIV,2019,7,1224
1423,TXHIV2019_7,6,Urban,M,White,,TXHIV,2019,7,1279
1424,TXHIV2019_7,8,Suburban,F,Black,,TXHIV,2019,7,10
1425,TXHIV2019_7,6,Urban,M,Asian/Pacific Islander,,TXHIV,2019,7,30
1426,TXHIV2019_7,3,Suburban,F,Black,,TXHIV,2019,7,620
1427,TXHIV2019_7,7,Suburban,F,White,,TXHIV,2019,7,761
1428,TXHIV2019_7,3,Suburban,F,Asian/Pacific Islander,,TXHIV,2019,7,967
1429,TXHIV2019_7,7,Urban,M,White,,TXHIV,2019,7,1330
1430,TXHIV2019_7,8,Urban,F,Hispanic,,TXHIV,2019,7,1383
1431,TXHIV2019_7,5,Urban,M,Hispanic,,TXHIV,2019,7,754
1432,TXMDIS2020_11,3,Urban,M,White,,TXMDIS,2020,11,50
1433,TXMDIS2020_11,11,Rural,F,Hispanic,,TXMDIS,2020,11,391
1434,TXMDIS2020_11,6,Suburban,M,White,,TXMDIS,2020,11,314
1435,TXMDIS2020_11,8,Urban,M,Hispanic,,TXMDIS,2020,11,452
1436,TXMDIS2020_11,1,Urban,F,White,,TXMDIS,2020,11,1176
1437,TXMDIS2020_11,7,Suburban,M,White,,TXMDIS,2020,11,632
1438,TXMDIS2020_11,3,Suburban,F,Asian/Pacific Islander,,TXMDIS,2020,11,543
1439,TXMDIS2020_11,7,Suburban,M,Hispanic,,TXMDIS,2020,11,1288
1440,VPYQYI2020_2,8,Rural,M,White,,VPYQYI,2020,2,109
1441,VPYQYI2020_2,6,Suburban ,F,Black,,VPYQYI,2020,2,143
1442,VPYQYI2020_2,4,Urban ,M,White,,VPYQYI,2020,2,169
1443,VPYQYI2020_2,7,Urban ,F,Other,,VPYQYI,2020,2,219
1444,VPYQYI2020_2,3,Urban ,M,American Indian/ Alaskan Native,,VPYQYI,2020,2,237
1445,VPYQYI2020_2,3,Urban,F,Hispanic,,VPYQYI,2020,2,240
1446,VPYQYI2020_2,1,Urban ,F,White,,VPYQYI,2020,2,241
1447,VPYQYI2020_2,7,Urban ,F,White,,VPYQYI,2020,2,254
1448,VPYQYI2020_2,3,Urban ,F,White,,VPYQYI,2020,2,282
1449,VPYQYI2020_2,7,Urban ,F,White,,VPYQYI,2020,2,292
1450,VPYQYI2020_2,10,Urban ,F,White,,VPYQYI,2020,2,299
1451,VPYQYI2020_2,8,Rural,M,Hispanic,,VPYQYI,2020,2,312
1452,VPYQYI2020_2,6,Urban ,M,Asian/Pacific Islander,,VPYQYI,2020,2,326
1453,VPYQYI2020_2,10,Urban ,M,Hispanic,,VPYQYI,2020,2,339
1454,VPYQYI2020_2,6,Suburban ,F,White,,VPYQYI,2020,2,405
1455,VPYQYI2020_2,4,Urban,M,White,,VPYQYI,2020,2,418
1456,VPYQYI2020_2,11,Suburban ,M,Hispanic,,VPYQYI,2020,2,441
1457,VPYQYI2020_2,7,Urban ,F,White,,VPYQYI,2020,2,493
1458,VPYQYI2020_2,7,Suburban ,F,Black,,VPYQYI,2020,2,506
1459,VPYQYI2020_2,7,Suburban ,F,Black,,VPYQYI,2020,2,536
1460,VPYQYI2020_2,8,Urban ,F,White,,VPYQYI,2020,2,557
1461,VPYQYI2020_2,4,Urban ,F,White,,VPYQYI,2020,2,566
1462,VPYQYI2020_2,7,Urban ,F,Asian/Pacific Islander,,VPYQYI,2020,2,634
1463,VPYQYI2020_2,3,Urban,M,White,,VPYQYI,2020,2,642
1464,VPYQYI2020_2,6,Suburban ,M,White,,VPYQYI,2020,2,659
1465,VPYQYI2020_2,6,Suburban ,F,White,,VPYQYI,2020,2,718
1466,VPYQYI2020_2,7,Urban ,F,White,,VPYQYI,2020,2,734
1467,VPYQYI2020_2,3,Urban ,F,White,,VPYQYI,2020,2,740
1468,VPYQYI2020_2,10,Urban ,F,Hispanic,,VPYQYI,2020,2,758
1469,VPYQYI2020_2,1,Suburban ,F,White,,VPYQYI,2020,2,794
1470,VPYQYI2020_2,6,Urban ,F,White,,VPYQYI,2020,2,815
1471,VPYQYI2020_2,7,Urban ,F,White,,VPYQYI,2020,2,849
1472,VPYQYI2020_2,3,Suburban ,F,Black,,VPYQYI,2020,2,879
1473,VPYQYI2020_2,6,Urban ,F,Asian/Pacific Islander,,VPYQYI,2020,2,883
1474,VPYQYI2020_2,7,Urban ,F,White,,VPYQYI,2020,2,900
1475,VPYQYI2020_2,11,Urban ,F,Hispanic,,VPYQYI,2020,2,906
1476,VPYQYI2020_2,3,Suburban ,M,White,,VPYQYI,2020,2,912
1477,VPYQYI2020_2,6,Suburban ,F,Asian/Pacific Islander,,VPYQYI,2020,2,913
1478,VPYQYI2020_2,10,Urban ,F,Black,,VPYQYI,2020,2,922
1479,VPYQYI2020_2,3,Urban,M,Hispanic,,VPYQYI,2020,2,942
1480,VPYQYI2020_2,6,Urban ,F,Asian/Pacific Islander,,VPYQYI,2020,2,966
1481,VPYQYI2020_2,7,Urban ,M,White,,VPYQYI,2020,2,970
1482,VPYQYI2020_2,3,Suburban ,M,White,,VPYQYI,2020,2,971
1483,VPYQYI2020_2,6,Suburban ,F,Asian/Pacific Islander,,VPYQYI,2020,2,973
1484,VPYQYI2020_2,11,Urban,F,White,,VPYQYI,2020,2,990
1485,VPYQYI2020_2,6,Urban ,F,Hispanic,,VPYQYI,2020,2,1010
1486,VPYQYI2020_2,6,Suburban ,M,Asian/Pacific Islander,,VPYQYI,2020,2,1031
1487,VPYQYI2020_2,7,Urban ,F,White,,VPYQYI,2020,2,1039
1488,VPYQYI2020_2,6,Urban ,F,Black,,VPYQYI,2020,2,1113
1489,VPYQYI2020_2,3,Urban ,F,Hispanic,,VPYQYI,2020,2,1135
1490,VPYQYI2020_2,7,Urban ,F,White,,VPYQYI,2020,2,1141
1491,VPYQYI2020_2,6,Suburban ,M,Hispanic,,VPYQYI,2020,2,1160
1492,VPYQYI2020_2,7,Urban ,F,White,,VPYQYI,2020,2,1201
1493,VPYQYI2020_2,7,Urban ,F,White,,VPYQYI,2020,2,1245
1494,VPYQYI2020_2,3,Urban,M,White,,VPYQYI,2020,2,1321
1495,VPYQYI2020_2,7,Urban ,M,White,,VPYQYI,2020,2,1326
1496,VPYQYI2020_2,7,Suburban ,M,White,,VPYQYI,2020,2,1328
1497,VPYQYI2020_2,6,Suburban ,F,Black,,VPYQYI,2020,2,1333
1498,YC2020_2,7,Urban,F,White,,YC,2020,2,264
1499,YC2020_2,8,Rural,M,White,,YC,2020,2,368
1500,YC2020_2,7,Urban,F,White,,YC,2020,2,837
1501,YC2020_2,7,Suburban,M,White,,YC,2020,2,898
1502,YC2020_2,8,Urban,M,White,,YC,2020,2,1016
1503,YC2020_2,7,Urban,M,White,,YC,2020,2,1079
1504,YC2020_2,10,Urban,M,White,,YC,2020,2,121
1505,YC2020_2,8,Rural,M,White,,YC,2020,2,144
1506,YC2020_2,7,Suburban,F,White,,YC,2020,2,1017
